-10;-0,8390715290765992
-9,99;-0,8444696962890882
-9,98;-0,8497834172349916
-9,97;-0,8550121605482818
-9,96;-0,8601554033576005
-9,950000000000001;-0,8652126313430543
-9,940000000000001;-0,870183338786422
-9,930000000000001;-0,8750670286213112
-9,920000000000002;-0,8798632124828579
-9,910000000000002;-0,8845714107558664
-9,900000000000002;-0,8891911526251249
-9,890000000000002;-0,8937219761201503
-9,880000000000003;-0,8981634281623534
-9,870000000000003;-0,9025150646099825
-9,860000000000003;-0,9067764503032758
-9,850000000000003;-0,9109471591079976
-9,840000000000003;-0,9150267739553614
-9,830000000000004;-0,9190148868875202
-9,820000000000004;-0,9229110990972349
-9,810000000000004;-0,9267150209660632
-9,800000000000004;-0,9304262721049363
-9,790000000000004;-0,9340444813919363
-9,780000000000005;-0,9375692870089535
-9,770000000000005;-0,9410003364786614
-9,760000000000005;-0,9443372866997167
-9,750000000000005;-0,9475798039779997
-9,740000000000006;-0,9507275640661859
-9,730000000000006;-0,9537802521897066
-9,720000000000006;-0,9567375630829518
-9,710000000000006;-0,9595992010177571
-9,700000000000006;-0,9623648798315976
-9,690000000000007;-0,965034322959204
-9,680000000000007;-0,9676072634589999
-9,670000000000007;-0,9700834440387861
-9,660000000000007;-0,9724626170823322
-9,650000000000007;-0,9747445446747766
-9,640000000000008;-0,9769289986251762
-9,630000000000008;-0,9790157604896641
-9,620000000000008;-0,9810046215939267
-9,610000000000008;-0,9828953830537414
-9,600000000000009;-0,9846878557943974
-9,590000000000009;-0,986381860569277
-9,580000000000009;-0,9879772279807864
-9,57000000000001;-0,9894737984924598
-9,56000000000001;-0,9908714224494288
-9,55000000000001;-0,992169960089587
-9,54000000000001;-0,9933692815602869
-9,53000000000001;-0,9944692669306382
-9,52000000000001;-0,9954698062031866
-9,51000000000001;-0,9963707993246452
-9,50000000000001;-0,9971721561962011
-9,49000000000001;-0,997873796683491
-9,480000000000011;-0,9984756506227471
-9,470000000000011;-0,998977657828789
-9,460000000000012;-0,9993797681014727
-9,450000000000012;-0,9996819412301591
-9,440000000000012;-0,999884146997862
-9,430000000000012;-0,9999863651841103
-9,420000000000012;-0,9999885855672713
-9,410000000000013;-0,9998908079248096
-9,400000000000013;-0,9996930420354325
-9,390000000000013;-0,9993953076742332
-9,380000000000013;-0,9989976346155729
-9,370000000000013;-0,998500062625712
-9,360000000000014;-0,9979026414617377
-9,350000000000014;-0,9972054308653467
-9,340000000000014;-0,9964085005568308
-9,330000000000014;-0,9955119302283297
-9,320000000000014;-0,9945158095365847
-9,310000000000015;-0,9934202380924712
-9,300000000000015;-0,992225325452592
-9,290000000000015;-0,99093119110722
-9,280000000000015;-0,9895379644680816
-9,270000000000016;-0,9880457848572833
-9,260000000000016;-0,986454801491177
-9,250000000000016;-0,9847651734673707
-9,240000000000016;-0,982977069746687
-9,230000000000016;-0,9810906691378646
-9,220000000000017;-0,9791061602799169
-9,210000000000017;-0,9770237416222711
-9,200000000000017;-0,9748436214041547
-9,190000000000017;-0,9725660176363329
-9,180000000000017;-0,9701911580773054
-9,170000000000018;-0,9677192802108
-9,160000000000018;-0,9651506312231524
-9,150000000000018;-0,9624854679764173
-9,140000000000018;-0,9597240569849094
-9,130000000000019;-0,9568666743872263
-9,120000000000019;-0,953913605919681
-9,110000000000019;-0,950865146886622
-9,10000000000002;-0,9477216021311881
-9,09000000000002;-0,9444832860053215
-9,08000000000002;-0,9411505223377089
-9,07000000000002;-0,937723644402325
-9,06000000000002;-0,9342029948839962
-9,05000000000002;-0,9305889258446823
-9,04000000000002;-0,926881798687978
-9,03000000000002;-0,9230819841240717
-9,020000000000021;-0,9191898621309237
-9,010000000000021;-0,9152058219176232
-9,000000000000021;-0,9111302618847499
-8,990000000000022;-0,9069635895847866
-8,980000000000022;-0,9027062216820071
-8,970000000000022;-0,8983585839088427
-8,960000000000022;-0,8939211110263714
-8,950000000000022;-0,8893942467775695
-8,940000000000023;-0,8847784438451511
-8,930000000000023;-0,880074163805839
-8,920000000000023;-0,8752818770835772
-8,910000000000023;-0,8704020629027737
-8,900000000000023;-0,8654352092410736
-8,890000000000024;-0,8603818127797817
-8,880000000000024;-0,8552423788539908
-8,870000000000024;-0,8500174214032508
-8,860000000000024;-0,8447074629185094
-8,850000000000025;-0,8393130343914375
-8,840000000000025;-0,833834675260387
-8,830000000000025;-0,8282729333566293
-8,820000000000025;-0,8226283648499919
-8,810000000000025;-0,8169015341922773
-8,800000000000026;-0,8110930140615847
-8,790000000000026;-0,805203385305833
-8,780000000000026;-0,7992332368823012
-8,770000000000026;-0,7931831658010179
-8,760000000000026;-0,7870537770642405
-8,750000000000027;-0,7808456836058315
-8,740000000000027;-0,7745595062296112
-8,730000000000027;-0,7681958735480919
-8,720000000000027;-0,7617554219195619
-8,710000000000027;-0,7552387953835978
-8,700000000000028;-0,7486466455973992
-8,690000000000028;-0,7419796317706393
-8,680000000000028;-0,7352384205988713
-8,670000000000028;-0,728423686197771
-8,660000000000029;-0,7215361100349901
-8,650000000000029;-0,7145763808627066
-8,640000000000029;-0,707545194647663
-8,63000000000003;-0,7004432545028607
-8,62000000000003;-0,6932712706163225
-8,61000000000003;-0,6860299601803101
-8,60000000000003;-0,6787200473201928
-8,59000000000003;-0,6713422630204896
-8,58000000000003;-0,6638973450543233
-8,57000000000003;-0,6563860379069715
-8,56000000000003;-0,6488090927025476
-8,550000000000031;-0,6411672671297645
-8,540000000000031;-0,6334613253643292
-8,530000000000031;-0,6256920379942456
-8,520000000000032;-0,6178601819419149
-8,510000000000032;-0,6099665403864194
-8,500000000000032;-0,6020119026849292
-8,490000000000032;-0,5939970642947763
-8,480000000000032;-0,5859228266934992
-8,470000000000033;-0,5777899972975945
-8,460000000000033;-0,5695993893834467
-8,450000000000033;-0,5613518220050384
-8,440000000000033;-0,5530481199123627
-8,430000000000033;-0,5446891134685163
-8,420000000000034;-0,5362756385671613
-8,410000000000034;-0,527808536548841
-8,400000000000034;-0,519288654116767
-8,390000000000034;-0,5107168432520647
-8,380000000000035;-0,5020939611283844
-8,370000000000035;-0,49342087002722573
-8,360000000000035;-0,4846984372501374
-8,350000000000035;-0,4759275350333627
-8,340000000000035;-0,4671090404596417
-8,330000000000036;-0,45824383537107044
-8,320000000000036;-0,4493328062807844
-8,310000000000036;-0,4403768442845401
-8,300000000000036;-0,4313768449706682
-8,290000000000036;-0,42233370833172096
-8,280000000000037;-0,4132483386740872
-8,270000000000037;-0,4041216445267853
-8,260000000000037;-0,39495453855191043
-8,250000000000037;-0,3857479374523002
-8,240000000000038;-0,37650276188029663
-8,230000000000038;-0,36721993634587424
-8,220000000000038;-0,35790038912399574
-8,210000000000038;-0,34854505216128867
-8,200000000000038;-0,3391548609838288
-8,190000000000039;-0,3297307546028873
-8,180000000000039;-0,3202736754213081
-8,170000000000039;-0,3107845691391746
-8,16000000000004;-0,301264384658995
-8,15000000000004;-0,29171407399143867
-8,14000000000004;-0,282134592159569
-8,13000000000004;-0,27252689710366673
-8,12000000000004;-0,2628919495850199
-8,11000000000004;-0,25323071309058137
-8,10000000000004;-0,2435441537358274
-8,09000000000004;-0,23383324016861257
-8,080000000000041;-0,2240989434723056
-8,070000000000041;-0,21434223706839567
-8,060000000000041;-0,20456409661947597
-8,050000000000042;-0,19476549993125233
-8,040000000000042;-0,18494742685529902
-8,030000000000042;-0,17511085919082614
-8,020000000000042;-0,16525678058640467
-8,010000000000042;-0,15538617644160044
-8,000000000000043;-0,1455000338086902
-7,990000000000043;-0,13559934129353615
-7,980000000000043;-0,1256850889574438
-7,970000000000043;-0,11575826821704599
-7,9600000000000435;-0,10581987174624585
-7,950000000000044;-0,09587089337656794
-7,940000000000044;-0,08591232799735224
-7,930000000000044;-0,07594517145701019
-7,920000000000044;-0,06597042046273993
-7,9100000000000446;-0,05598907248148645
-7,900000000000045;-0,046002125639580956
-7,890000000000045;-0,03601057862344776
-7,880000000000045;-0,026015430579478447
-7,870000000000045;-0,01601768101410486
-7,860000000000046;-0,006018329694024181
-7,850000000000046;0,003981623454042645
-7,840000000000046;0,013981178443059817
-7,830000000000046;0,023979335325950254
-7,8200000000000465;0,033975094295200556
-7,810000000000047;0,04396745578342599
-7,800000000000047;0,05395542056263256
-7,790000000000047;0,06393798984473142
-7,780000000000047;0,0739141653812002
-7,7700000000000475;0,08388294956270143
-7,760000000000048;0,09384334551915124
-7,750000000000048;0,10379435721924182
-7,740000000000048;0,11373498957007484
-7,730000000000048;0,12366424851677334
-7,720000000000049;0,13358114114164737
-7,710000000000049;0,14348467576374888
-7,700000000000049;0,15337386203783268
-7,690000000000049;0,1632477110534952
-7,6800000000000495;0,17310523543416875
-7,67000000000005;0,18294544943542795
-7,66000000000005;0,1927673690442938
-7,65000000000005;0,20257001207691178
-7,64000000000005;0,21235239827708438
-7,6300000000000505;0,22211354941443298
-7,620000000000051;0,23185248938185274
-7,610000000000051;0,2415682442936087
-7,600000000000051;0,25125984258216605
-7,590000000000051;0,2609263150959916
-7,580000000000052;0,2705666951955937
-7,570000000000052;0,28018001885124416
-7,560000000000052;0,28976532473844957
-7,550000000000052;0,29932165433462987
-7,540000000000052;0,30884805201487764
-7,530000000000053;0,3183435651472628
-7,520000000000053;0,3278072441884701
-7,510000000000053;0,3372381427783107
-7,500000000000053;0,3466353178350007
-7,4900000000000535;0,3559978296487486
-7,480000000000054;0,3653247419761453
-7,470000000000054;0,3746151221338393
-7,460000000000054;0,383868041091492
-7,450000000000054;0,3930825735649013
-7,440000000000055;0,40225779810855095
-7,430000000000055;0,4113927972075317
-7,420000000000055;0,4204866573696953
-7,410000000000055;0,42953846921649214
-7,400000000000055;0,43854732757435466
-7,390000000000056;0,4475123315648765
-7,380000000000056;0,4564325846951659
-7,370000000000056;0,46530719494733364
-7,360000000000056;0,47413527486781004
-7,3500000000000565;0,48291594165588786
-7,340000000000057;0,49164831725222574
-7,330000000000057;0,5003315284265324
-7,320000000000057;0,5089647068649823
-7,310000000000057;0,5175469892568137
-7,3000000000000576;0,5260775173810412
-7,290000000000058;0,5345554381919642
-7,280000000000058;0,542979903904463
-7,270000000000058;0,5513500720790706
-7,260000000000058;0,5596651057059462
-7,250000000000059;0,5679241732886411
-7,240000000000059;0,5761264489272614
-7,230000000000059;0,584271112401105
-7,220000000000059;0,5923573492505826
-7,2100000000000595;0,6003843508587708
-7,20000000000006;0,6083513145322113
-7,19000000000006;0,6162574435811325
-7,18000000000006;0,6241019473992596
-7,17000000000006;0,6318840415427175
-7,1600000000000605;0,6396029478085661
-7,150000000000061;0,6472578943126883
-7,140000000000061;0,6548481155667163
-7,130000000000061;0,6623728525549099
-7,120000000000061;0,6698313528097962
-7,110000000000062;0,6772228704876352
-7,100000000000062;0,6845466664427658
-7,090000000000062;0,6918020083016713
-7,080000000000062;0,6989881705362756
-7,0700000000000625;0,7061044345363156
-7,060000000000063;0,7131500886813329
-7,050000000000063;0,7201244284117345
-7,040000000000063;0,7270267562994263
-7,030000000000063;0,733856382117344
-7,0200000000000635;0,7406126229085577
-7,010000000000064;0,7472948030547165
-7,000000000000064;0,7539022543432378
-6,990000000000064;0,7604343160346428
-6,980000000000064;0,76689033492813
-6,970000000000065;0,7732696654271699
-6,960000000000065;0,7795716696040484
-6,950000000000065;0,7857957172636276
-6,940000000000065;0,7919411860063067
-6,930000000000065;0,7980074612903226
-6,920000000000066;0,8039939364932197
-6,910000000000066;0,8099000129724541
-6,900000000000066;0,8157251001253214
-6,890000000000066;0,8214686154479288
-6,8800000000000665;0,8271299845935682
-6,870000000000067;0,8327086414300106
-6,860000000000067;0,8382040280961955
-6,850000000000067;0,843615595058142
-6,840000000000067;0,8489428011635359
-6,830000000000068;0,854185113696295
-6,820000000000068;0,8593420084294929
-6,810000000000068;0,8644129696779403
-6,800000000000068;0,869397490349808
-6,790000000000068;0,874295071997106
-6,780000000000069;0,8791052248657854
-6,770000000000069;0,8838274679445777
-6,760000000000069;0,888461329013073
-6,750000000000069;0,8930063446890452
-6,7400000000000695;0,8974620604747356
-6,73000000000007;0,9018280308022527
-6,72000000000007;0,906103819078216
-6,71000000000007;0,9102889977273708
-6,70000000000007;0,9143831482352933
-6,690000000000071;0,9183858611903691
-6,680000000000071;0,9222967363246934
-6,670000000000071;0,926115382553934
-6,660000000000071;0,9298414180166695
-6,650000000000071;0,9334744701124721
-6,640000000000072;0,93701417553917
-6,630000000000072;0,9404601803291525
-6,620000000000072;0,9438121398848214
-6,610000000000072;0,9470697190130072
-6,6000000000000725;0,9502325919585254
-6,590000000000073;0,953300442436672
-6,580000000000073;0,9562729636650211
-6,570000000000073;0,9591498583938813
-6,560000000000073;0,9619308389361574
-6,5500000000000735;0,9646156271961865
-6,540000000000074;0,9672039546973421
-6,530000000000074;0,9696955626090228
-6,520000000000074;0,9720902017725137
-6,510000000000074;0,9743876327259233
-6,500000000000075;0,9765876257280102
-6,490000000000075;0,9786899607813506
-6,480000000000075;0,9806944276542003
-6,470000000000075;0,9826008259015234
-6,4600000000000755;0,9844089648850668
-6,450000000000076;0,9861186637924902
-6,440000000000076;0,9877297516552985
-6,430000000000076;0,9892420673660359
-6,420000000000076;0,9906554596943997
-6,4100000000000765;0,991969787302341
-6,400000000000077;0,9931849187581727
-6,390000000000077;0,9943007325498041
-6,380000000000077;0,9953171170967674
-6,370000000000077;0,9962339707614294
-6,360000000000078;0,9970512018592103
-6,350000000000078;0,9977687286676771
-6,340000000000078;0,9983864794347577
-6,330000000000078;0,9989043923858805
-6,320000000000078;0,9993224157301774
-6,310000000000079;0,9996405076656655
-6,300000000000079;0,9998586363834151
-6,290000000000079;0,9999767800707442
-6,280000000000079;0,9999949269133732
-6,2700000000000795;0,999913075096638
-6,26000000000008;0,9997312328056459
-6,25000000000008;0,9994494182245106
-6,24000000000008;0,9990676595343966
-6,23000000000008;0,9985859949108806
-6,220000000000081;0,9980044725200377
-6,210000000000081;0,9973231505135969
-6,200000000000081;0,9965420970232249
-6,190000000000081;0,9956613901535863
-6,180000000000081;0,9946811179746454
-6,170000000000082;0,993601378512828
-6,160000000000082;0,9924222797411367
-6,150000000000082;0,9911439395684846
-6,140000000000082;0,9897664858278333
-6,1300000000000825;0,9882900562633922
-6,120000000000083;0,9867147985169124
-6,110000000000083;0,9850408701128327
-6,100000000000083;0,9832684384426015
-6,090000000000083;0,9813976807479196
-6,080000000000084;0,9794287841030013
-6,070000000000084;0,9773619453958415
-6,060000000000084;0,9751973713086091
-6,050000000000084;0,9729352782969144
-6,040000000000084;0,9705758925681659
-6,030000000000085;0,9681194500589692
-6,020000000000085;0,9655661964115506
-6,010000000000085;0,9629163869490909
-6,000000000000085;0,9601702866503862
-5,9900000000000855;0,9573281701231594
-5,980000000000086;0,9543903215766769
-5,970000000000086;0,9513570347933722
-5,960000000000086;0,9482286130993678
-5,950000000000086;0,9450053693342519
-5,9400000000000865;0,9416876258196986
-5,930000000000087;0,9382757143273129
-5,920000000000087;0,9347699760453835
-5,910000000000087;0,931170761544805
-5,900000000000087;0,9274784307440678
-5,890000000000088;0,9236933528731447
-5,880000000000088;0,9198159064366752
-5,870000000000088;0,9158464791760659
-5,860000000000088;0,9117854680307491
-5,8500000000000885;0,9076332790984452
-5,840000000000089;0,9033903275945995
-5,830000000000089;0,8990570378108073
-5,820000000000089;0,8946338430724465
-5,810000000000089;0,8901211856953043
-5,8000000000000895;0,8855195169413603
-5,79000000000009;0,8808292969736554
-5,78000000000009;0,8760509948102613
-5,77000000000009;0,8711850882774423
-5,76000000000009;0,866232063961777
-5,750000000000091;0,8611924171615714
-5,740000000000091;0,856066651837304
-5,730000000000091;0,8508552805612342
-5,720000000000091;0,8455588244661686
-5,7100000000000914;0,8401778131932772
-5,700000000000092;0,8347127848392177
-5,690000000000092;0,8291642859022467
-5,680000000000092;0,8235328712276747
-5,670000000000092;0,817819103952249
-5,6600000000000925;0,8120235554479389
-5,650000000000093;0,8061468052647638
-5,640000000000093;0,800189441072864
-5,630000000000093;0,7941520586036703
-5,620000000000093;0,7880352615904082
-5,610000000000094;0,7818396617076755
-5,600000000000094;0,7755658785103065
-5,590000000000094;0,7692145393713913
-5,580000000000094;0,7627862794195472
-5,570000000000094;0,7562817414754133
-5,560000000000095;0,7497015759873722
-5,550000000000095;0,7430464409664659
-5,540000000000095;0,7363170019206788
-5,530000000000095;0,7295139317882936
-5,5200000000000955;0,7226379108706547
-5,510000000000096;0,7156896267641238
-5,500000000000096;0,7086697742913288
-5,490000000000096;0,7015790554316587
-5,480000000000096;0,6944181792510806
-5,470000000000097;0,6871878618312732
-5,460000000000097;0,6798888261979338
-5,450000000000097;0,6725218022485454
-5,440000000000097;0,6650875266793561
-5,430000000000097;0,657586742911737
-5,420000000000098;0,6500202010178227
-5,410000000000098;0,6423886576454902
-5,400000000000098;0,6346928759427064
-5,390000000000098;0,6269336254812412
-5,3800000000000985;0,6191116821796763
-5,370000000000099;0,611227828225809
-5,360000000000099;0,6032828519984815
-5,350000000000099;0,5952775479886835
-5,340000000000099;0,5872127167201595
-5,3300000000000995;0,5790891646692937
-5,3200000000001;0,5709077041845377
-5,3100000000001;0,5626691534051197
-5,3000000000001;0,5543743361792437
-5,2900000000001;0,5460240819817319
-5,280000000000101;0,5376192258310384
-5,270000000000101;0,5291606082057826
-5,260000000000101;0,5206490749606626
-5,250000000000101;0,51208547724193
-5,2400000000001015;0,5034706714021996
-5,230000000000102;0,49480551891489166
-5,220000000000102;0,48609088628802555
-5,210000000000102;0,4773276449776083
-5,200000000000102;0,4685166713004646
-5,1900000000001025;0,4596588463466197
-5,180000000000103;0,4507550558911905
-5,170000000000103;0,44180619030579854
-5,160000000000103;0,4328131444695461
-5,150000000000103;0,4237768176795229
-5,140000000000104;0,4146981135608777
-5,130000000000104;0,4055779399764608
-5,120000000000104;0,39641720893601384
-5,110000000000104;0,3872168365050357
-5,1000000000001044;0,3779777427130766
-5,090000000000105;0,3687008514618327
-5,080000000000105;0,3593870904326868
-5,070000000000105;0,3500373909939911
-5,060000000000105;0,3406526881078879
-5,0500000000001055;0,3312339202368545
-5,040000000000106;0,32178202924982174
-5,030000000000106;0,3122979603280148
-5,020000000000106;0,30278266187042674
-5,010000000000106;0,2932370853989701
-5,000000000000107;0,28366218546333144
-4,990000000000107;0,274058919545532
-4,980000000000107;0,2644282479641585
-4,970000000000107;0,2547711337783472
-4,960000000000107;0,24508854269146813
-4,950000000000108;0,23538144295455796
-4,940000000000108;0,22565080526950215
-4,930000000000108;0,21589760269195984
-4,920000000000108;0,2061228105340653
-4,9100000000001085;0,1963274062668834
-4,900000000000109;0,18651236942268393
-4,890000000000109;0,1766786814969679
-4,880000000000109;0,16682732585033078
-4,870000000000109;0,15695928761013286
-4,86000000000011;0,14707555357197377
-4,85000000000011;0,1371771121010148
-4,84000000000011;0,1272649530331652
-4,83000000000011;0,11734006757606334
-4,82000000000011;0,10740344820998694
-4,810000000000111;0,09745608858859624
-4,800000000000111;0,08749898343955567
-4,790000000000111;0,07753312846508972
-4,780000000000111;0,06755952024238383
-4,7700000000001115;0,05757915612395726
-4,760000000000112;0,04759303413790132
-4,750000000000112;0,03760215288808849
-4,740000000000112;0,027607511454322112
-4,730000000000112;0,01761010929241774
-4,7200000000001125;0,007610946134261047
-4,710000000000113;-0,002388978112167947
-4,700000000000113;-0,012388663462778777
-4,690000000000113;-0,022387109957366307
-4,680000000000113;-0,032383317759610446
-4,670000000000114;-0,042376287257068775
-4,660000000000114;-0,05236501916111165
-4,650000000000114;-0,06234851460687879
-4,640000000000114;-0,07232577525313809
-4,6300000000001145;-0,0822958033821472
-4,620000000000115;-0,09225760199939814
-4,610000000000115;-0,10221017493332842
-4,600000000000115;-0,1121525269349404
-4,590000000000115;-0,1220836637773194
-4,5800000000001155;-0,13200259235505768
-4,570000000000116;-0,1419083207835608
-4,560000000000116;-0,15179985849823943
-4,550000000000116;-0,16167621635357332
-4,540000000000116;-0,1715364067219954
-4,530000000000117;-0,18137944359269506
-4,520000000000117;-0,19120434267018624
-4,510000000000117;-0,2010101214727468
-4,500000000000117;-0,21079579943066648
-4,4900000000001175;-0,22056039798430313
-4,480000000000118;-0,23030294068194435
-4,470000000000118;-0,2400224532774359
-4,460000000000118;-0,2497179638276173
-4,450000000000118;-0,2593885027895116
-4,4400000000001185;-0,26903310311728484
-4,430000000000119;-0,2786508003589399
-4,420000000000119;-0,2882406327527666
-4,410000000000119;-0,29780164132352077
-4,400000000000119;-0,30733286997830556
-4,39000000000012;-0,3168333656022057
-4,38000000000012;-0,3263021781535694
-4,37000000000012;-0,3357383607590385
-4,36000000000012;-0,34514096980821013
-4,35000000000012;-0,3545090650480177
-4,340000000000121;-0,36384170967674634
-4,330000000000121;-0,3731379704377037
-4,320000000000121;-0,3823969177125696
-4,310000000000121;-0,39161762561432417
-4,3000000000001215;-0,40079917207986354
-4,290000000000122;-0,40994063896219596
-4,280000000000122;-0,4190411121222443
-4,270000000000122;-0,42809968152028416
-4,260000000000122;-0,4371154413069185
-4,250000000000123;-0,44608748991368197
-4,240000000000123;-0,45501493014319544
-4,230000000000123;-0,46389686925887264
-4,220000000000123;-0,4727324190742023
-4,210000000000123;-0,4815206960415659
-4,200000000000124;-0,49026082134059296
-4,190000000000124;-0,49895192096603314
-4,180000000000124;-0,5075931258151715
-4,170000000000124;-0,5161835717747183
-4,1600000000001245;-0,5247223998072403
-4,150000000000125;-0,533208756037049
-4,140000000000125;-0,5416417918355928
-4,130000000000125;-0,5500206639063205
-4,120000000000125;-0,5583445343690077
-4,1100000000001256;-0,56661257084354
-4,100000000000126;-0,5748239465331657
-4,090000000000126;-0,5829778403071556
-4,080000000000126;-0,5910734367829311
-4,070000000000126;-0,5991099264075854
-4,060000000000127;-0,6070865055388536
-4,050000000000127;-0,6150023765254732
-4,040000000000127;-0,6228567477869406
-4,030000000000127;-0,6306488338926761
-4,0200000000001275;-0,6383778556405619
-4,010000000000128;-0,646043040134861
-4,000000000000128;-0,6536436208635162
-3,990000000000128;-0,661178837774784
-3,9800000000001283;-0,6686479373532555
-3,9700000000001285;-0,6760501726951964
-3,9600000000001288;-0,6833848035832426
-3,950000000000129;-0,6906510965604151
-3,940000000000129;-0,6978483250034712
-3,9300000000001294;-0,7049757691955663
-3,9200000000001296;-0,7120327163982193
-3,91000000000013;-0,7190184609225917
-3,90000000000013;-0,7259323042000508
-3,8900000000001302;-0,7327735548520316
-3,8800000000001305;-0,7395415287591695
-3,8700000000001307;-0,746235549129716
-3,860000000000131;-0,7528549465672094
-3,850000000000131;-0,7593990591374224
-3,8400000000001313;-0,7658672324345521
-3,8300000000001315;-0,7722588196466597
-3,8200000000001317;-0,7785731816203498
-3,810000000000132;-0,7848096869246864
-3,800000000000132;-0,7909677119143359
-3,7900000000001324;-0,7970466407919322
-3,7800000000001326;-0,8030458656696522
-3,770000000000133;-0,8089647866300083
-3,760000000000133;-0,8148028117858351
-3,7500000000001332;-0,8205593573394845
-3,7400000000001334;-0,8262338476411965
-3,7300000000001337;-0,8318257152466714
-3,720000000000134;-0,8373344009738064
-3,710000000000134;-0,8427593539586212
-3,7000000000001343;-0,8481000317103372
-3,6900000000001345;-0,853355900165629
-3,6800000000001347;-0,8585264337420321
-3,670000000000135;-0,8636111153904976
-3,660000000000135;-0,868609436647098
-3,6500000000001354;-0,8735208976838723
-3,6400000000001356;-0,8783450073588098
-3,630000000000136;-0,8830812832649622
-3,620000000000136;-0,8877292517786874
-3,610000000000136;-0,8922884481070068
-3,6000000000001364;-0,8967584163340868
-3,5900000000001366;-0,9011387094668295
-3,580000000000137;-0,9054288894795718
-3,570000000000137;-0,909628527357887
-3,5600000000001373;-0,9137372031414887
-3,5500000000001375;-0,917754505966221
-3,5400000000001377;-0,9216800341051494
-3,530000000000138;-0,9255133950087315
-3,520000000000138;-0,9292542053440721
-3,5100000000001383;-0,9329020910332539
-3,5000000000001386;-0,9364566872907479
-3,4900000000001388;-0,9399176386598902
-3,480000000000139;-0,9432845990484295
-3,470000000000139;-0,9465572317631323
-3,4600000000001394;-0,9497352095434518
-3,4500000000001396;-0,9528182145942626
-3,44000000000014;-0,9558059386176248
-3,43000000000014;-0,9586980828436283
-3,4200000000001403;-0,9614943580602597
-3,4100000000001405;-0,9641944846423284
-3,4000000000001407;-0,966798192579425
-3,390000000000141;-0,9693052215029265
-3,380000000000141;-0,9717153207120289
-3,3700000000001413;-0,9740282491988197
-3,3600000000001415;-0,9762437756723794
-3,3500000000001418;-0,9783616785819046
-3,340000000000142;-0,9803817461388702
-3,330000000000142;-0,9823037763382048
-3,3200000000001424;-0,9841275769784888
-3,3100000000001426;-0,985852965681179
-3,300000000000143;-0,9874797699088426
-3,290000000000143;-0,9890078269824119
-3,2800000000001432;-0,9904369840974534
-3,2700000000001435;-0,9917670983394465
-3,2600000000001437;-0,9929980366980756
-3,250000000000144;-0,99412967608053
-3,240000000000144;-0,9951619033238158
-3,2300000000001443;-0,9960946152060683
-3,2200000000001445;-0,9969277184568753
-3,2100000000001447;-0,9976611297666079
-3,200000000000145;-0,9982947757947443
-3,190000000000145;-0,9988285931772114
-3,1800000000001454;-0,9992625285327146
-3,1700000000001456;-0,9995965384680824
-3,160000000000146;-0,9998305895825956
-3,150000000000146;-0,999964658471341
-3,1400000000001462;-0,9999987317275395
-3,1300000000001464;-0,9999328059438957
-3,1200000000001467;-0,9997668877129314
-3,110000000000147;-0,999500993626333
-3,100000000000147;-0,9991351502732851
-3,0900000000001473;-0,9986693942378212
-3,0800000000001475;-0,9981037720951547
-3,0700000000001477;-0,997438340407029
-3,060000000000148;-0,9966731657160589
-3,050000000000148;-0,9958083245390748
-3,0400000000001484;-0,9948439033594743
-3,0300000000001486;-0,9937799986185721
-3,020000000000149;-0,9926167167059551
-3,010000000000149;-0,9913541739488458
-3,000000000000149;-0,9899924966004665
-2,9900000000001494;-0,9885318208274184
-2,9800000000001496;-0,9869722926960613
-2,97000000000015;-0,9853140681579096
-2,96000000000015;-0,9835573130340335
-2,9500000000001503;-0,981702202998483
-2,9400000000001505;-0,9797489235607144
-2,9300000000001507;-0,9776976700470449
-2,920000000000151;-0,9755486475811157
-2,910000000000151;-0,9733020710633834
-2,9000000000001513;-0,9709581651496267
-2,8900000000001516;-0,9685171642284843
-2,8800000000001518;-0,9659793123980145
-2,870000000000152;-0,963344863441284
-2,860000000000152;-0,9606140808009944
-2,8500000000001524;-0,9577872375531341
-2,8400000000001526;-0,954864616379672
-2,830000000000153;-0,9518465095402896
-2,820000000000153;-0,9487332188431555
-2,8100000000001533;-0,9455250556147455
-2,8000000000001535;-0,9422223406687094
-2,7900000000001537;-0,938825404273789
-2,780000000000154;-0,9353345861207932
-2,770000000000154;-0,931750235288628
-2,7600000000001543;-0,9280727102093902
-2,7500000000001545;-0,9243023786325226
-2,7400000000001548;-0,9204396175880413
-2,730000000000155;-0,9164848133488313
-2,720000000000155;-0,9124383613920215
-2,7100000000001554;-0,9083006663594353
-2,7000000000001556;-0,9040721420171276
-2,690000000000156;-0,8997532112140094
-2,680000000000156;-0,8953443058395618
-2,6700000000001562;-0,8908458667806476
-2,6600000000001565;-0,8862583438774246
-2,6500000000001567;-0,8815821958783596
-2,640000000000157;-0,8768178903943568
-2,630000000000157;-0,8719659038519934
-2,6200000000001573;-0,8670267214458809
-2,6100000000001575;-0,8620008370901434
-2,6000000000001577;-0,8568887533690285
-2,590000000000158;-0,8516909814866483
-2,580000000000158;-0,8464080412158597
-2,5700000000001584;-0,8410404608462874
-2,5600000000001586;-0,8355887771314947
-2,550000000000159;-0,8300535352353107
-2,540000000000159;-0,8244352886773123
-2,5300000000001592;-0,8187345992774733
-2,5200000000001594;-0,8129520370999829
-2,5100000000001597;-0,8070881803962406
-2,50000000000016;-0,8011436155470293
-2,49000000000016;-0,7951189370038813
-2,4800000000001603;-0,7890147472296296
-2,4700000000001605;-0,7828316566381652
-2,4600000000001607;-0,7765702835333942
-2,450000000000161;-0,7702312540474098
-2,440000000000161;-0,763815202077878
-2,4300000000001614;-0,7573227692246491
-2,4200000000001616;-0,7507546047255977
-2,410000000000162;-0,7441113653917004
-2,400000000000162;-0,737393715541355
-2,390000000000162;-0,7306023269339479
-2,3800000000001624;-0,7237378787026808
-2,3700000000001626;-0,7168010572866563
-2,360000000000163;-0,7097925563622353
-2,350000000000163;-0,7027130767736699
-2,3400000000001633;-0,6955633264630193
-2,3300000000001635;-0,6883440203993568
-2,3200000000001637;-0,6810558805072725
-2,310000000000164;-0,6736996355946819
-2,300000000000164;-0,6662760212799467
-2,2900000000001643;-0,6587857799183112
-2,2800000000001646;-0,6512296605276704
-2,2700000000001648;-0,6436084187136668
-2,260000000000165;-0,6359228165941299
-2,250000000000165;-0,6281736227228674
-2,2400000000001654;-0,6203616120128095
-2,2300000000001656;-0,6124875656585165
-2,220000000000166;-0,6045522710580615
-2,210000000000166;-0,5965565217342932
-2,2000000000001663;-0,5885011172554803
-2,1900000000001665;-0,5803868631553576
-2,1800000000001667;-0,5722145708525734
-2,170000000000167;-0,5639850575695479
-2,160000000000167;-0,5556991462507515
-2,1500000000001673;-0,5473576654804112
-2,1400000000001675;-0,5389614493996525
-2,1300000000001678;-0,530511337623087
-2,120000000000168;-0,5220081751548508
-2,110000000000168;-0,5134528123041038
-2,1000000000001684;-0,5048461046000028
-2,0900000000001686;-0,4961889127061453
-2,080000000000169;-0,4874821023345067
-2,070000000000169;-0,47872654415886834
-2,0600000000001693;-0,4699231137277514
-2,0500000000001695;-0,46107269137686335
-2,0400000000001697;-0,4521761621410631
-2,03000000000017;-0,4432344156658613
-2,02000000000017;-0,43424834611845375
-2,0100000000001703;-0,42521885209830645
-2,0000000000001705;-0,4161468365472975
-1,9900000000001705;-0,4070332066594213
-1,9800000000001705;-0,3978788737900725
-1,9700000000001705;-0,38868475336490915
-1,9600000000001705;-0,3794517647883123
-1,9500000000001705;-0,37018083135144536
-1,9400000000001705;-0,36087288013992613
-1,9300000000001705;-0,3515288419411195
-1,9200000000001705;-0,3421496511510584
-1,9100000000001705;-0,33273624568100596
-1,9000000000001704;-0,3232895668636647
-1,8900000000001704;-0,31381055935904417
-1,8800000000001704;-0,3043001710599956
-1,8700000000001704;-0,29475935299742373
-1,8600000000001704;-0,28518905924518395
-1,8500000000001704;-0,27559024682467664
-1,8400000000001704;-0,2659638756091446
-1,8300000000001704;-0,2563109082276874
-1,8200000000001704;-0,24663230996899904
-1,8100000000001704;-0,23692904868484022
-1,8000000000001704;-0,22720209469325292
-1,7900000000001703;-0,2174524206815308
-1,7800000000001703;-0,20768100160895037
-1,7700000000001703;-0,1978888146092759
-1,7600000000001703;-0,18807683889304738
-1,7500000000001703;-0,17824605564965956
-1,7400000000001703;-0,16839744794924488
-1,7300000000001703;-0,15853200064436596
-1,7200000000001703;-0,1486507002715321
-1,7100000000001703;-0,1387545349525462
-1,7000000000001703;-0,1288444942956935
-1,6900000000001703;-0,11892156929678131
-1,6800000000001702;-0,1089867522400404
-1,6700000000001702;-0,09904103659889758
-1,6600000000001702;-0,08908541693662861
-1,6500000000001702;-0,07912088880690368
-1,6400000000001702;-0,06914844865423184
-1,6300000000001702;-0,05916909371431816
-1,6200000000001702;-0,049183821914340516
-1,6100000000001702;-0,03919363177315761
-1,6000000000001702;-0,02919952230145878
-1,5900000000001702;-0,0192024929018627
-1,5800000000001702;-0,009203543268978459
-1,5700000000001701;0,0007963267105631606
-1,5600000000001701;0,010796117058097287
-1,5500000000001701;0,020794827802922387
-1,5400000000001701;0,03079145908229613
-1,5300000000001701;0,04078501124142113
-1,52000000000017;0,0507744849334094
-1,51000000000017;0,060758881219216083
-1,50000000000017;0,07073720166753326
-1,49000000000017;0,08070844845463113
-1,48000000000017;0,09067162446414027
-1,47000000000017;0,10062573338676259
-1,46000000000017;0,11056977981990053
-1,45000000000017;0,1205027693671978
-1,44000000000017;0,13042370873797687
-1,43000000000017;0,14033160584656823
-1,42000000000017;0,15022546991151775
-1,41000000000017;0,16010431155466337
-1,40000000000017;0,16996714290007342
-1,39000000000017;0,17981297767283225
-1,38000000000017;0,18964083129766748
-1,37000000000017;0,19944972099740646
-1,36000000000017;0,2092386658912532
-1,35000000000017;0,2190066870928757
-1,34000000000017;0,22875280780829405
-1,33000000000017;0,23847605343355818
-1,32000000000017;0,2481754516522083
-1,31000000000017;0,25785003253250555
-1,30000000000017;0,2674988286244237
-1,29000000000017;0,2771208750563944
-1,28000000000017;0,28671520963179276
-1,2700000000001699;0,2962808729251565
-1,2600000000001699;0,3058169083781277
-1,2500000000001699;0,31532236239510747
-1,2400000000001699;0,32479628443861563
-1,2300000000001698;0,3342377271243425
-1,2200000000001698;0,3436457463158875
-1,2100000000001698;0,3530194012191714
-1,2000000000001698;0,36235775447651525
-1,1900000000001698;0,3716598722603753
-1,1800000000001698;0,3809248243667248
-1,1700000000001698;0,3901516843080739
-1,1600000000001698;0,3993395294061176
-1,1500000000001698;0,4084874408840023
-1,1400000000001698;0,41759450395820374
-1,1300000000001698;0,42665980793000385
-1,1200000000001697;0,4356824462765593
-1,1100000000001697;0,44466151674155496
-1,1000000000001697;0,45359612142542605
-1,0900000000001697;0,46248536687515035
-1,0800000000001697;0,4713283641735904
-1,0700000000001697;0,4801242290283852
-1,0600000000001697;0,48887208186037956
-1,0500000000001697;0,49757104789157974
-1,0400000000001697;0,506220257232632
-1,0300000000001697;0,5148188449698099
-1,0200000000001697;0,5233659512515049
-1,0100000000001697;0,5318607213742117
-1,0000000000001696;0,540302305867997
-0,9900000000001696;0,5486898605814458
-0,9800000000001696;0,5570225467660762
-0,9700000000001696;0,5652995311602143
-0,9600000000001696;0,5735199860723176
-0,9500000000001696;0,5816830894637455
-0,9400000000001696;0,5897880250309613
-0,9300000000001696;0,5978339822871624
-0,9200000000001696;0,6058201566433279
-0,9100000000001696;0,6137457494886775
-0,9000000000001696;0,6216099682705316
-0,8900000000001695;0,6294120265735652
-0,8800000000001695;0,6371511441984495
-0,8700000000001695;0,6448265472398715
-0,8600000000001695;0,6524374681639235
-0,8500000000001695;0,6599831458848548
-0,8400000000001695;0,6674628258411819
-0,8300000000001695;0,6748757600711421
-0,8200000000001695;0,6822212072874896
-0,8100000000001695;0,6894984329516243
-0,8000000000001695;0,6967067093470438
-0,7900000000001695;0,7038453156521158
-0,7800000000001694;0,7109135380121583
-0,7700000000001694;0,7179106696108254
-0,7600000000001694;0,7248360107407885
-0,7500000000001694;0,7316888688737054
-0,7400000000001694;0,7384685587294736
-0,7300000000001694;0,7451744023447574
-0,7200000000001694;0,7518057291407831
-0,7100000000001694;0,7583618759903976
-0,7000000000001694;0,7648421872843792
-0,6900000000001694;0,7712460149969987
-0,6800000000001694;0,7775727187508215
-0,6700000000001693;0,7838216658807441
-0,6600000000001693;0,7899922314972614
-0,6500000000001693;0,7960837985489535
-0,6400000000001693;0,8020957578841916
-0,6300000000001693;0,8080275083120521
-0,6200000000001693;0,8138784566624355
-0,6100000000001693;0,8196480178453825
-0,6000000000001693;0,8253356149095826
-0,5900000000001693;0,8309406791000693
-0,5800000000001693;0,8364626499150941
-0,5700000000001693;0,8419009751621774
-0,5600000000001693;0,8472551110133263
-0,5500000000001692;0,8525245220594172
-0,5400000000001692;0,857708681363737
-0,5300000000001692;0,8628070705146756
-0,5200000000001692;0,8678191796775657
-0,5100000000001692;0,8727445076456687
-0,5000000000001692;0,8775825618902917
-0,4900000000001692;0,8823328586100418
-0,4800000000001692;0,886994922779206
-0,47000000000016917;0,8915682881952522
-0,46000000000016916;0,8960524975254501
-0,45000000000016915;0,9004471023526034
-0,44000000000016914;0,9047516632198914
-0,43000000000016914;0,9089657496748145
-0,4200000000001691;0,9130889403122394
-0,4100000000001691;0,9171208228165376
-0,4000000000001691;0,9210609940028192
-0,3900000000001691;0,9249090598572489
-0,3800000000001691;0,9286646355764476
-0,3700000000001691;0,9323273456059734
-0,3600000000001691;0,9358968236778754
-0,35000000000016906;0,939372712847321
-0,34000000000016906;0,9427546655282899
-0,33000000000016905;0,946042343528332
-0,32000000000016904;0,9492354180823878
-0,31000000000016903;0,9523335698856619
-0,300000000000169;0,9553364891255561
-0,290000000000169;0,9582438755126489
-0,280000000000169;0,9610554383107243
-0,270000000000169;0,9637708963658455
-0,260000000000169;0,9663899781344698
-0,250000000000169;0,968912421710603
-0,24000000000016897;0,9713379748519895
-0,23000000000016896;0,9736663950053364
-0,22000000000016895;0,9758974493305685
-0,21000000000016894;0,9780309147241131
-0,20000000000016893;0,9800665778412081
-0,19000000000016892;0,9820042351172384
-0,1800000000001689;0,9838436927880911
-0,1700000000001689;0,9855847669095321
-0,1600000000001689;0,9872272833756
-0,1500000000001689;0,9887710779360172
-0,14000000000016888;0,9902159962126136
-0,13000000000016887;0,9915618937147662
-0,12000000000016887;0,9928086358538458
-0,11000000000016888;0,9939560979566784
-0,10000000000016888;0,995004165278009
-0,09000000000016889;0,9959527330119792
-0,0800000000001689;0,9968017063026059
-0,0700000000001689;0,9975510002532678
-0,0600000000001689;0,9982005399351941
-0,050000000000168895;0,9987502603949578
-0,040000000000168894;0,9992001066609711
-0,03000000000016889;0,9995500337489824
-0,02000000000016889;0,9998000066665743
-0,01000000000016889;0,9999500004166636
-1,6888920817414999E-13;1
0,009999999999831111;0,9999500004166669
0,01999999999983111;0,9998000066665811
0,029999999999831113;0,9995500337489925
0,039999999999831115;0,9992001066609846
0,04999999999983112;0,9987502603949747
0,05999999999983112;0,9982005399352143
0,06999999999983111;0,9975510002532914
0,07999999999983111;0,996801706302633
0,0899999999998311;0,9959527330120095
0,0999999999998311;0,9950041652780427
0,1099999999998311;0,9939560979567154
0,11999999999983109;0,9928086358538863
0,12999999999983108;0,99156189371481
0,1399999999998311;0,9902159962126607
0,1499999999998311;0,9887710779360676
0,1599999999998311;0,9872272833756538
0,16999999999983112;0,9855847669095892
0,17999999999983113;0,9838436927881516
0,18999999999983114;0,9820042351173022
0,19999999999983115;0,9800665778412752
0,20999999999983116;0,9780309147241835
0,21999999999983116;0,9758974493306424
0,22999999999983117;0,9736663950054132
0,23999999999983118;0,9713379748520697
0,2499999999998312;0,9689124217106865
0,2599999999998312;0,9663899781345566
0,2699999999998312;0,9637708963659356
0,2799999999998312;0,9610554383108176
0,2899999999998312;0,9582438755127455
0,29999999999983123;0,9553364891256558
0,30999999999983124;0,9523335698857649
0,31999999999983125;0,949235418082494
0,32999999999983126;0,9460423435284416
0,33999999999983127;0,9427546655284025
0,3499999999998313;0,9393727128474368
0,3599999999998313;0,9358968236779943
0,3699999999998313;0,9323273456060954
0,3799999999998313;0,9286646355765729
0,3899999999998313;0,9249090598573773
0,3999999999998313;0,9210609940029507
0,40999999999983133;0,9171208228166722
0,41999999999983134;0,913088940312377
0,42999999999983135;0,9089657496749552
0,43999999999983136;0,9047516632200352
0,44999999999983137;0,9004471023527504
0,4599999999998314;0,8960524975256001
0,4699999999998314;0,8915682881954053
0,4799999999998314;0,886994922779362
0,4899999999998314;0,8823328586102009
0,4999999999998314;0,8775825618904537
0,5099999999998314;0,8727445076458337
0,5199999999998314;0,8678191796777337
0,5299999999998314;0,8628070705148464
0,5399999999998314;0,8577086813639108
0,5499999999998314;0,852524522059594
0,5599999999998314;0,8472551110135057
0,5699999999998314;0,8419009751623596
0,5799999999998314;0,8364626499152793
0,5899999999998314;0,8309406791002573
0,5999999999998314;0,8253356149097735
0,6099999999998315;0,8196480178455761
0,6199999999998315;0,8138784566626317
0,6299999999998315;0,8080275083122511
0,6399999999998315;0,8020957578843932
0,6499999999998315;0,7960837985491579
0,6599999999998315;0,7899922314974686
0,6699999999998315;0,7838216658809538
0,6799999999998315;0,777572718751034
0,6899999999998315;0,7712460149972139
0,6999999999998315;0,7648421872845969
0,7099999999998315;0,7583618759906179
0,7199999999998316;0,7518057291410061
0,7299999999998316;0,7451744023449828
0,7399999999998316;0,7384685587297013
0,7499999999998316;0,7316888688739357
0,7599999999998316;0,7248360107410212
0,7699999999998316;0,7179106696110605
0,7799999999998316;0,7109135380123959
0,7899999999998316;0,7038453156523559
0,7999999999998316;0,6967067093472863
0,8099999999998316;0,689498432951869
0,8199999999998316;0,6822212072877365
0,8299999999998317;0,6748757600713915
0,8399999999998317;0,6674628258414333
0,8499999999998317;0,6599831458851088
0,8599999999998317;0,6524374681641795
0,8699999999998317;0,6448265472401297
0,8799999999998317;0,6371511441987099
0,8899999999998317;0,6294120265738278
0,8999999999998317;0,6216099682707962
0,9099999999998317;0,6137457494889443
0,9199999999998317;0,6058201566435968
0,9299999999998317;0,5978339822874333
0,9399999999998317;0,589788025031234
0,9499999999998318;0,5816830894640203
0,9599999999998318;0,5735199860725945
0,9699999999998318;0,5652995311604929
0,9799999999998318;0,5570225467663569
0,9899999999998318;0,5486898605817284
0,9999999999998318;0,5403023058682813
1,0099999999998317;0,5318607213744979
1,0199999999998317;0,5233659512517929
1,0299999999998317;0,5148188449700996
1,0399999999998317;0,5062202572329234
1,0499999999998317;0,4975710478918729
1,0599999999998317;0,4888720818606743
1,0699999999998318;0,4801242290286817
1,0799999999998318;0,4713283641738884
1,0899999999998318;0,46248536687545
1,0999999999998318;0,45359612142572725
1,1099999999998318;0,4446615167418576
1,1199999999998318;0,4356824462768635
1,1299999999998318;0,4266598079303095
1,1399999999998318;0,41759450395851083
1,1499999999998318;0,4084874408843108
1,1599999999998318;0,39933952940642736
1,1699999999998318;0,390151684308385
1,1799999999998319;0,3809248243670373
1,1899999999998319;0,37165987226068903
1,1999999999998319;0,3623577544768302
1,2099999999998319;0,3530194012194876
1,2199999999998319;0,3436457463162049
1,229999999999832;0,33423772712466104
1,239999999999832;0,3247962844389354
1,249999999999832;0,31532236239542816
1,259999999999832;0,30581690837844944
1,269999999999832;0,2962808729254793
1,279999999999832;0,28671520963211655
1,289999999999832;0,2771208750567192
1,299999999999832;0,2674988286247492
1,309999999999832;0,25785003253283206
1,319999999999832;0,24817545165253577
1,329999999999832;0,23847605343388636
1,339999999999832;0,228752807808623
1,349999999999832;0,21900668709320553
1,359999999999832;0,2092386658915836
1,369999999999832;0,19944972099773756
1,379999999999832;0,18964083129799927
1,389999999999832;0,17981297767316476
1,399999999999832;0,16996714290040646
1,409999999999832;0,16010431155499694
1,419999999999832;0,15022546991185182
1,429999999999832;0,14033160584690293
1,439999999999832;0,130423708738312
1,449999999999832;0,12050276936753333
1,459999999999832;0,11056977982023636
1,469999999999832;0,10062573338709875
1,4799999999998321;0,0906716244644769
1,4899999999998321;0,08070844845496788
1,4999999999998321;0,07073720166787037
1,5099999999998321;0,060758881219553536
1,5199999999998322;0,05077448493374685
1,5299999999998322;0,04078501124175868
1,5399999999998322;0,030791459082633935
1,5499999999998322;0,020794827803260214
1,5599999999998322;0,010796117058435204
1,5699999999998322;0,0007963267109011427
1,5799999999998322;-0,009203543268640457
1,5899999999998322;-0,019202492901524825
1,5999999999998322;-0,029199522301121016
1,6099999999998322;-0,03919363177281998
1,6199999999998322;-0,049183821914002904
1,6299999999998322;-0,05916909371398082
1,6399999999998323;-0,06914844865389466
1,6499999999998323;-0,07912088880656669
1,6599999999998323;-0,08908541693629192
1,6699999999998323;-0,09904103659856124
1,6799999999998323;-0,10898675223970444
1,6899999999998323;-0,1189215692964457
1,6999999999998323;-0,1288444942953584
1,7099999999998323;-0,13875453495221146
1,7199999999998323;-0,14865070027119795
1,7299999999998323;-0,1585320006440321
1,7399999999998323;-0,16839744794891173
1,7499999999998324;-0,1782460556493272
1,7599999999998324;-0,1880768388927154
1,7699999999998324;-0,19788881460894467
1,7799999999998324;-0,20768100160861983
1,7899999999998324;-0,217452420681201
1,7999999999998324;-0,22720209469292385
1,8099999999998324;-0,23692904868451192
1,8199999999998324;-0,24663230996867158
1,8299999999998324;-0,2563109082273607
1,8399999999998324;-0,26596387560881873
1,8499999999998324;-0,27559024682435174
1,8599999999998325;-0,28518905924486015
1,8699999999998325;-0,2947593529971008
1,8799999999998325;-0,3043001710596738
1,8899999999998325;-0,31381055935872326
1,8999999999998325;-0,323289566863345
1,9099999999998325;-0,33273624568068716
1,9199999999998325;-0,342149651150741
1,9299999999998325;-0,35152884194080325
1,9399999999998325;-0,36087288013961094
1,9499999999998325;-0,3701808313511315
1,9599999999998325;-0,3794517647879997
1,9699999999998326;-0,3886847533645977
1,9799999999998326;-0,3978788737897624
1,9899999999998326;-0,40703320665911263
1,9999999999998326;-0,41614683654699014
2,0099999999998324;-0,42521885209800053
2,019999999999832;-0,4342483461181493
2,029999999999832;-0,4432344156655584
2,0399999999998317;-0,4521761621407618
2,0499999999998315;-0,4610726913765634
2,0599999999998313;-0,46992311372745327
2,069999999999831;-0,4787265441585717
2,079999999999831;-0,48748210233421163
2,0899999999998307;-0,49618891270585197
2,0999999999998304;-0,5048461045997111
2,1099999999998302;-0,513452812303814
2,11999999999983;-0,5220081751545624
2,12999999999983;-0,5305113376228006
2,1399999999998296;-0,538961449399368
2,1499999999998294;-0,5473576654801284
2,159999999999829;-0,5556991462504707
2,169999999999829;-0,5639850575692688
2,1799999999998287;-0,5722145708522963
2,1899999999998285;-0,5803868631550823
2,1999999999998283;-0,588501117255207
2,209999999999828;-0,596556521734022
2,219999999999828;-0,6045522710577923
2,2299999999998277;-0,6124875656582491
2,2399999999998275;-0,6203616120125444
2,2499999999998272;-0,6281736227226048
2,259999999999827;-0,635922816593869
2,269999999999827;-0,6436084187134079
2,2799999999998266;-0,651229660527414
2,2899999999998264;-0,6587857799180569
2,299999999999826;-0,6662760212796948
2,309999999999826;-0,6736996355944324
2,3199999999998258;-0,681055880507025
2,3299999999998255;-0,6883440203991116
2,3399999999998253;-0,6955633264627766
2,349999999999825;-0,7027130767734294
2,359999999999825;-0,7097925563619972
2,3699999999998247;-0,7168010572864206
2,3799999999998245;-0,7237378787024477
2,3899999999998243;-0,7306023269337173
2,399999999999824;-0,7373937155411268
2,409999999999824;-0,7441113653914745
2,4199999999998236;-0,7507546047253744
2,4299999999998234;-0,7573227692244285
2,439999999999823;-0,76381520207766
2,449999999999823;-0,7702312540471942
2,4599999999998228;-0,7765702835331814
2,4699999999998226;-0,782831656637955
2,4799999999998223;-0,7890147472294217
2,489999999999822;-0,7951189370036764
2,499999999999822;-0,8011436155468271
2,5099999999998217;-0,8070881803960409
2,5199999999998215;-0,812952037099786
2,5299999999998213;-0,8187345992772792
2,539999999999821;-0,824435288677121
2,549999999999821;-0,8300535352351225
2,5599999999998206;-0,8355887771313092
2,5699999999998204;-0,8410404608461044
2,57999999999982;-0,8464080412156799
2,58999999999982;-0,8516909814864716
2,59999999999982;-0,8568887533688543
2,6099999999998196;-0,8620008370899722
2,6199999999998194;-0,8670267214457124
2,629999999999819;-0,8719659038518279
2,639999999999819;-0,8768178903941941
2,6499999999998187;-0,8815821958782002
2,6599999999998185;-0,8862583438772681
2,6699999999998183;-0,8908458667804939
2,679999999999818;-0,895344305839411
2,689999999999818;-0,8997532112138619
2,6999999999998177;-0,9040721420169828
2,7099999999998174;-0,908300666359294
2,7199999999998172;-0,9124383613918833
2,729999999999817;-0,916484813348696
2,739999999999817;-0,9204396175879089
2,7499999999998166;-0,9243023786323936
2,7599999999998164;-0,9280727102092641
2,769999999999816;-0,9317502352885054
2,779999999999816;-0,9353345861206736
2,7899999999998157;-0,9388254042736726
2,7999999999998155;-0,9422223406685966
2,8099999999998153;-0,9455250556146358
2,819999999999815;-0,9487332188430486
2,829999999999815;-0,9518465095401856
2,8399999999998147;-0,9548646163795713
2,8499999999998145;-0,9577872375530367
2,8599999999998142;-0,9606140808009006
2,869999999999814;-0,9633448634411935
2,879999999999814;-0,9659793123979262
2,8899999999998136;-0,9685171642284003
2,8999999999998134;-0,970958165149546
2,909999999999813;-0,9733020710633056
2,919999999999813;-0,9755486475810412
2,9299999999998128;-0,977697670046974
2,9399999999998125;-0,9797489235606466
2,9499999999998123;-0,9817022029984181
2,959999999999812;-0,9835573130339724
2,969999999999812;-0,9853140681578522
2,9799999999998117;-0,9869722926960075
2,9899999999998115;-0,9885318208273676
2,9999999999998113;-0,989992496600419
3,009999999999811;-0,991354173948801
3,019999999999811;-0,9926167167059141
3,0299999999998106;-0,9937799986185343
3,0399999999998104;-0,9948439033594398
3,04999999999981;-0,9958083245390439
3,05999999999981;-0,9966731657160313
3,0699999999998098;-0,9974383404070045
3,0799999999998096;-0,9981037720951339
3,0899999999998093;-0,9986693942378039
3,099999999999809;-0,9991351502732713
3,109999999999809;-0,9995009936263217
3,1199999999998087;-0,9997668877129242
3,1299999999998085;-0,9999328059438917
3,1399999999998083;-0,9999987317275393
3,149999999999808;-0,9999646584713433
3,159999999999808;-0,9998305895826016
3,1699999999998076;-0,9995965384680913
3,1799999999998074;-0,9992625285327285
3,189999999999807;-0,9988285931772283
3,199999999999807;-0,998294775794764
3,209999999999807;-0,997661129766631
3,2199999999998066;-0,9969277184569019
3,2299999999998064;-0,9960946152060983
3,239999999999806;-0,9951619033238498
3,249999999999806;-0,9941296760805669
3,2599999999998057;-0,9929980366981155
3,2699999999998055;-0,9917670983394898
3,2799999999998053;-0,9904369840975003
3,289999999999805;-0,9890078269824615
3,299999999999805;-0,987479769908896
3,3099999999998047;-0,9858529656812358
3,3199999999998044;-0,9841275769785491
3,3299999999998042;-0,9823037763382685
3,339999999999804;-0,9803817461389378
3,349999999999804;-0,9783616785819751
3,3599999999998036;-0,976243775672453
3,3699999999998034;-0,9740282491988964
3,379999999999803;-0,9717153207121088
3,389999999999803;-0,9693052215030094
3,3999999999998027;-0,9667981925795122
3,4099999999998025;-0,9641944846424182
3,4199999999998023;-0,9614943580603537
3,429999999999802;-0,9586980828437246
3,439999999999802;-0,955805938617725
3,4499999999998017;-0,9528182145943646
3,4599999999998015;-0,949735209543558
3,4699999999998012;-0,9465572317632414
3,479999999999801;-0,9432845990485415
3,489999999999801;-0,939917638660006
3,4999999999998006;-0,9364566872908668
3,5099999999998004;-0,9329020910333753
3,5199999999998;-0,9292542053441969
3,5299999999998;-0,9255133950088605
3,5399999999997998;-0,9216800341052809
3,5499999999997995;-0,9177545059663557
3,5599999999997993;-0,9137372031416269
3,569999999999799;-0,9096285273580281
3,579999999999799;-0,9054288894797149
3,5899999999997987;-0,9011387094669755
3,5999999999997985;-0,8967584163342359
3,6099999999997983;-0,8922884481071595
3,619999999999798;-0,887729251778843
3,629999999999798;-0,8830812832651209
3,6399999999997976;-0,8783450073589703
3,6499999999997974;-0,8735208976840358
3,659999999999797;-0,8686094366472655
3,669999999999797;-0,863611115390668
3,6799999999997968;-0,858526433742206
3,6899999999997966;-0,8533559001658058
3,6999999999997963;-0,8481000317105164
3,709999999999796;-0,8427593539588032
3,719999999999796;-0,8373344009739921
3,7299999999997957;-0,8318257152468586
3,7399999999997955;-0,8262338476413873
3,7499999999997953;-0,820559357339679
3,759999999999795;-0,814802811786031
3,769999999999795;-0,8089647866302055
3,7799999999997946;-0,8030458656698528
3,7899999999997944;-0,7970466407921363
3,799999999999794;-0,7909677119145424
3,809999999999794;-0,7848096869248953
3,819999999999794;-0,778573181620562
3,8299999999997936;-0,772258819646875
3,8399999999997934;-0,7658672324347707
3,849999999999793;-0,7593990591376434
3,859999999999793;-0,7528549465674318
3,8699999999997927;-0,7462355491299404
3,8799999999997925;-0,7395415287593974
3,8899999999997923;-0,7327735548522611
3,899999999999792;-0,725932304200284
3,909999999999792;-0,7190184609228257
3,9199999999997917;-0,7120327163984574
3,9299999999997914;-0,7049757691958056
3,9399999999997912;-0,6978483250037124
3,949999999999791;-0,6906510965606586
3,959999999999791;-0,6833848035834892
3,9699999999997906;-0,676050172695446
3,9799999999997904;-0,6686479373535074
3,98999999999979;-0,6611788377750384
3,99999999999979;-0,653643620863771
4,00999999999979;-0,6460430401351183
4,01999999999979;-0,6383778556408207
4,02999999999979;-0,6306488338929397
4,0399999999997895;-0,6228567477872056
4,049999999999789;-0,6150023765257399
4,059999999999789;-0,6070865055391218
4,069999999999789;-0,5991099264078548
4,079999999999789;-0,591073436783202
4,0899999999997885;-0,5829778403074309
4,099999999999788;-0,5748239465334426
4,109999999999788;-0,5666125708438186
4,119999999999788;-0,5583445343692848
4,129999999999788;-0,5500206639066015
4,139999999999787;-0,5416417918358762
4,149999999999787;-0,5332087560373332
4,159999999999787;-0,5247223998075278
4,169999999999787;-0,516183571775007
4,1799999999997866;-0,507593125815461
4,189999999999786;-0,49895192096632573
4,199999999999786;-0,4902608213408852
4,209999999999786;-0,48152069604186165
4,219999999999786;-0,4727324190744987
4,2299999999997855;-0,4638968692591706
4,239999999999785;-0,45501493014349587
4,249999999999785;-0,4460874899139857
4,259999999999785;-0,4371154413072223
4,269999999999785;-0,42809968152058775
4,279999999999784;-0,41904111212255113
4,289999999999784;-0,40994063896250305
4,299999999999784;-0,40079917208017407
4,309999999999784;-0,39161762561463315
4,319999999999784;-0,38239691771288037
4,329999999999783;-0,37313797043801866
4,339999999999783;-0,3638417096770611
4,349999999999783;-0,3545090650483344
4,359999999999783;-0,34514096980852677
4,3699999999997825;-0,3357383607593557
4,379999999999782;-0,32630217815388946
4,389999999999782;-0,31683336560252495
4,399999999999782;-0,3073328699786278
4,409999999999782;-0,2978016413238417
4,419999999999781;-0,28824063275309136
4,429999999999781;-0,27865080035926343
4,439999999999781;-0,2690331031176096
4,449999999999781;-0,2593885027898372
4,459999999999781;-0,24971796382794373
4,46999999999978;-0,2400224532777639
4,47999999999978;-0,2303029406822734
4,48999999999978;-0,22056039798463362
4,49999999999978;-0,21079579943099527
4,5099999999997795;-0,20101012147307576
4,519999999999779;-0,1912043426705194
4,529999999999779;-0,18137944359302965
4,539999999999779;-0,1715364067223276
4,549999999999779;-0,16167621635390286
4,5599999999997785;-0,15179985849857514
4,569999999999778;-0,1419083207838928
4,579999999999778;-0,1320025923553898
4,589999999999778;-0,1220836637776533
4,599999999999778;-0,1121525269352761
4,609999999999777;-0,1022101749336633
4,619999999999777;-0,09225760199973675
4,629999999999777;-0,08229580338248316
4,639999999999777;-0,07232577525347704
4,6499999999997765;-0,062348514607216396
4,659999999999776;-0,05236501916144955
4,669999999999776;-0,042376287257404346
4,679999999999776;-0,032383317759949334
4,689999999999776;-0,0223871099577021
4,6999999999997755;-0,012388663463115648
4,709999999999775;-0,0023889781125074443
4,719999999999775;0,00761094613392545
4,729999999999775;0,01761010929208081
4,739999999999775;0,027607511453986926
4,749999999999774;0,037602152887752475
4,759999999999774;0,047593034137562794
4,769999999999774;0,057579156123621494
4,779999999999774;0,06755952024204759
4,7899999999997736;0,0775331284647531
4,799999999999773;0,08749898343922262
4,809999999999773;0,09745608858825992
4,819999999999773;0,10740344820965336
4,829999999999773;0,11734006757572935
4,8399999999997725;0,1272649530328273
4,849999999999772;0,13717711210068428
4,859999999999772;0,14707555357163737
4,869999999999772;0,1569592876097973
4,879999999999772;0,16682732584999713
4,889999999999771;0,17667868149663218
4,899999999999771;0,18651236942235183
4,909999999999771;0,1963274062665485
4,919999999999771;0,20612281053373505
4,929999999999771;0,21589760269162916
4,93999999999977;0,22565080526917322
4,94999999999977;0,2353814429542276
4,95999999999977;0,24508854269113595
4,96999999999977;0,25477113377801697
4,9799999999997695;0,26442824796383096
4,989999999999769;0,27405891954520384
4,999999999999769;0,2836621854630041
5,009999999999769;0,2932370853986426
5,019999999999769;0,30278266187010444
5,029999999999768;0,31229796032769774
5,039999999999768;0,3217820292495057
5,049999999999768;0,3312339202365348
5,059999999999768;0,3406526881075674
5,069999999999768;0,35003739099367415
5,079999999999767;0,35938709043237255
5,089999999999767;0,3687008514615157
5,099999999999767;0,377977742712769
5,109999999999767;0,38721683650472355
5,1199999999997665;0,3964172089357091
5,129999999999766;0,4055779399761456
5,139999999999766;0,41469811356056896
5,149999999999766;0,4237768176792198
5,159999999999766;0,43281314446923763
5,1699999999997654;0,441806190305492
5,179999999999765;0,4507550558908856
5,189999999999765;0,4596588463463236
5,199999999999765;0,46851667130017194
5,209999999999765;0,47732764497731345
5,219999999999764;0,486090886287736
5,229999999999764;0,49480551891460167
5,239999999999764;0,5034706714019105
5,249999999999764;0,5120854772416372
5,2599999999997635;0,5206490749603753
5,269999999999763;0,5291606082054948
5,279999999999763;0,5376192258307604
5,289999999999763;0,5460240819814535
5,299999999999763;0,5543743361789587
5,3099999999997625;0,5626691534048353
5,319999999999762;0,5709077041842551
5,329999999999762;0,5790891646690204
5,339999999999762;0,5872127167198805
5,349999999999762;0,595277547988414
5,359999999999761;0,6032828519982085
5,369999999999761;0,6112278282255497
5,379999999999761;0,6191116821794116
5,389999999999761;0,6269336254809849
5,3999999999997605;0,634692875942449
5,40999999999976;0,6423886576452269
5,41999999999976;0,6500202010175701
5,42999999999976;0,6575867429114851
5,43999999999976;0,6650875266790993
5,4499999999997595;0,6725218022482833
5,459999999999759;0,679888826197676
5,469999999999759;0,6871878618310269
5,479999999999759;0,6944181792508421
5,489999999999759;0,7015790554314159
5,499999999999758;0,7086697742910942
5,509999999999758;0,7156896267638893
5,519999999999758;0,7226379108704246
5,529999999999758;0,7295139317880712
5,539999999999758;0,7363170019204578
5,549999999999757;0,743046440966238
5,559999999999757;0,7497015759871458
5,569999999999757;0,7562817414751976
5,579999999999757;0,7627862794193347
5,5899999999997565;0,7692145393711805
5,599999999999756;0,7755658785100902
5,609999999999756;0,7818396617074664
5,619999999999756;0,7880352615901954
5,629999999999756;0,7941520586034587
5,639999999999755;0,8001894410726584
5,649999999999755;0,8061468052645745
5,659999999999755;0,8120235554477344
5,669999999999755;0,8178191039520527
5,679999999999755;0,8235328712274874
5,689999999999754;0,8291642859020733
5,699999999999754;0,8347127848390213
5,709999999999754;0,8401778131930863
5,719999999999754;0,8455588244659833
5,7299999999997535;0,8508552805610626
5,739999999999753;0,8560666518371244
5,749999999999753;0,8611924171613928
5,759999999999753;0,8662320639616009
5,769999999999753;0,8711850882772755
5,7799999999997524;0,8760509948101072
5,789999999999752;0,8808292969734894
5,799999999999752;0,8855195169412073
5,809999999999752;0,890121185695147
5,819999999999752;0,8946338430722985
5,829999999999751;0,8990570378106544
5,839999999999751;0,9033903275944564
5,849999999999751;0,9076332790983087
5,859999999999751;0,9117854680306183
5,8699999999997505;0,9158464791759262
5,87999999999975;0,9198159064365363
5,88999999999975;0,9236933528730095
5,89999999999975;0,9274784307439414
5,90999999999975;0,9311707615446959
5,9199999999997495;0,9347699760452568
5,929999999999749;0,938275714327194
5,939999999999749;0,941687625819587
5,949999999999749;0,9450053693341455
5,959999999999749;0,9482286130992609
5,969999999999748;0,9513570347932708
5,979999999999748;0,9543903215765769
5,989999999999748;0,9573281701230629
5,999999999999748;0,960170286650304
6,0099999999997475;0,9629163869490033
6,019999999999747;0,9655661964114575
6,029999999999747;0,9681194500588912
6,039999999999747;0,9705758925680933
6,049999999999747;0,9729352782968461
6,0599999999997465;0,9751973713085311
6,069999999999746;0,977361945395761
6,079999999999746;0,9794287841029146
6,089999999999746;0,9813976807478516
6,099999999999746;0,9832684384425384
6,109999999999745;0,9850408701127665
6,119999999999745;0,9867147985168493
6,129999999999745;0,9882900562633545
6,139999999999745;0,9897664858277851
6,149999999999745;0,9911439395684342
6,159999999999744;0,9924222797410914
6,169999999999744;0,9936013785127689
6,179999999999744;0,9946811179746211
6,189999999999744;0,9956613901535561
6,1999999999997435;0,9965420970231842
6,209999999999743;0,9973231505135791
6,219999999999743;0,9980044725200193
6,229999999999743;0,9985859949108734
6,239999999999743;0,9990676595343777
6,249999999999742;0,9994494182244976
6,259999999999742;0,9997312328056472
6,269999999999742;0,9999130750966447
6,279999999999742;0,9999949269133688
6,289999999999742;0,9999767800707366
6,299999999999741;0,9998586363834124
6,309999999999741;0,9996405076656663
6,319999999999741;0,999322415730189
6,329999999999741;0,9989043923858959
6,3399999999997405;0,9983864794347735
6,34999999999974;0,997768728667692
6,35999999999974;0,9970512018592312
6,36999999999974;0,9962339707614541
6,37999999999974;0,9953171170967902
6,389999999999739;0,9943007325498435
6,399999999999739;0,993184918758225
6,409999999999739;0,9919697873023701
6,419999999999739;0,9906554596944461
6,429999999999739;0,9892420673660841
6,439999999999738;0,9877297516553616
6,449999999999738;0,9861186637925577
6,459999999999738;0,9844089648851463
6,469999999999738;0,9826008259015936
6,4799999999997375;0,9806944276542608
6,489999999999737;0,9786899607814287
6,499999999999737;0,9765876257280881
6,509999999999737;0,9743876327259777
6,519999999999737;0,9720902017725814
6,5299999999997365;0,9696955626091067
6,539999999999736;0,9672039546974224
6,549999999999736;0,9646156271962818
6,559999999999736;0,9619308389362798
6,569999999999736;0,9591498583939587
6,579999999999735;0,9562729636651063
6,589999999999735;0,9533004424367739
6,599999999999735;0,9502325919586061
6,609999999999735;0,9470697190131174
6,6199999999997345;0,9438121398849298
6,629999999999734;0,9404601803292795
6,639999999999734;0,9370141755393032
6,649999999999734;0,9334744701126206
6,659999999999734;0,9298414180168004
6,6699999999997335;0,9261153825540419
6,679999999999733;0,9222967363248203
6,689999999999733;0,9183858611905134
6,699999999999733;0,9143831482354422
6,709999999999733;0,9102889977274816
6,719999999999732;0,9061038190783535
6,729999999999732;0,9018280308024098
6,739999999999732;0,8974620604748806
6,749999999999732;0,8930063446892187
6,759999999999732;0,888461329013197
6,769999999999731;0,8838274679447244
6,779999999999731;0,8791052248659349
6,789999999999731;0,8742950719972726
6,799999999999731;0,8693974903499795
6,8099999999997305;0,8644129696781192
6,81999999999973;0,8593420084296709
6,82999999999973;0,8541851136964588
6,83999999999973;0,8489428011637208
6,84999999999973;0,8436155950582919
6,859999999999729;0,8382040280963988
6,869999999999729;0,8327086414301762
6,879999999999729;0,8271299845937501
6,889999999999729;0,8214686154481187
6,899999999999729;0,8157251001255148
6,909999999999728;0,8099000129726838
6,919999999999728;0,8039939364934208
6,929999999999728;0,7980074612905186
6,939999999999728;0,7919411860065065
6,9499999999997275;0,7857957172638463
6,959999999999727;0,7795716696042573
6,969999999999727;0,7732696654273739
6,979999999999727;0,766890334928308
6,989999999999727;0,7604343160348523
6,999999999999726;0,7539022543434811
7,009999999999726;0,7472948030549443
7,019999999999726;0,7406126229088044
7,029999999999726;0,7338563821175463
7,039999999999726;0,7270267562996708
7,049999999999725;0,7201244284120032
7,059999999999725;0,7131500886815831
7,069999999999725;0,7061044345365727
7,079999999999725;0,6989881705365413
7,0899999999997245;0,6918020083019342
7,099999999999724;0,6845466664430085
7,109999999999724;0,6772228704878723
7,119999999999724;0,6698313528100721
7,129999999999724;0,6623728525551562
7,1399999999997235;0,654848115566968
7,149999999999723;0,6472578943129267
7,159999999999723;0,6396029478088416
7,169999999999723;0,6318840415429635
7,179999999999723;0,624101947399494
7,189999999999722;0,6162574435814115
7,199999999999722;0,6083513145324831
7,209999999999722;0,600384350859065
7,219999999999722;0,5923573492508607
7,2299999999997215;0,5842711124013442
7,239999999999721;0,5761264489275835
7,249999999999721;0,5679241732889171
7,259999999999721;0,5596651057062201
7,269999999999721;0,5513500720793587
7,2799999999997205;0,5429799039047727
7,28999999999972;0,5345554381922364
7,29999999999972;0,526077517381345
7,30999999999972;0,5175469892571393
7,31999999999972;0,5089647068652523
7,329999999999719;0,5003315284268536
7,339999999999719;0,4916483172524899
7,349999999999719;0,48291594165622626
7,359999999999719;0,4741352748681219
7,3699999999997186;0,46530719494766637
7,379999999999718;0,45643258469546827
7,389999999999718;0,44751233156517645
7,399999999999718;0,438547327574652
7,409999999999718;0,4295384692168199
7,4199999999997175;0,42048665737004026
7,429999999999717;0,41139279720788835
7,439999999999717;0,40225779810887874
7,449999999999717;0,39308257356522935
7,459999999999717;0,3838680410917899
7,469999999999716;0,37461512213416687
7,479999999999716;0,3653247419764679
7,489999999999716;0,35599782964903215
7,499999999999716;0,3466353178352995
7,509999999999716;0,33723814277863573
7,519999999999715;0,32780724418874096
7,529999999999715;0,31834356514755136
7,539999999999715;0,30884805201523335
7,549999999999715;0,29932165433500774
7,5599999999997145;0,2897653247387405
7,569999999999714;0,2801800188515629
7,579999999999714;0,27056669519594834
7,589999999999714;0,2609263150962488
7,599999999999714;0,2512598425825503
7,609999999999713;0,24156824429392945
7,619999999999713;0,2318524893821898
7,629999999999713;0,2221135494147193
7,639999999999713;0,21235239827744684
7,649999999999713;0,2025700120772053
7,659999999999712;0,19276736904465494
7,669999999999712;0,18294544943582347
7,679999999999712;0,1731052354344773
7,689999999999712;0,16324771105382618
7,6999999999997115;0,15337386203819695
7,709999999999711;0,1434846757640519
7,719999999999711;0,1335811411419945
7,729999999999711;0,12366424851706216
7,739999999999711;0,11373498957037094
7,7499999999997105;0,1037943572195195
7,75999999999971;0,09384334551942544
7,76999999999971;0,08388294956299787
7,77999999999971;0,07391416538149356
7,78999999999971;0,06393798984508124
7,799999999999709;0,05395542056295617
7,809999999999709;0,04396745578369445
7,819999999999709;0,03397509429549005
7,829999999999709;0,023979335326255596
7,8399999999997085;0,013981178443406336
7,849999999999708;0,003981623454388338
7,859999999999708;-0,006018329693675463
7,869999999999708;-0,016017681013741812
7,879999999999708;-0,026015430579131898
7,8899999999997075;-0,03601057862312514
7,899999999999707;-0,04600212563927896
7,909999999999707;-0,055989072481095435
7,919999999999707;-0,0659704204624531
7,929999999999707;-0,07594517145666702
7,939999999999706;-0,08591232799699752
7,949999999999706;-0,0958708933761715
7,959999999999706;-0,10581987174591892
7,969999999999706;-0,11575826821662752
7,9799999999997056;-0,12568508895703215
7,989999999999705;-0,13559934129323364
7,999999999999705;-0,14550003380834906
8,009999999999705;-0,15538617644126057
8,019999999999705;-0,16525678058604193
8,029999999999704;-0,17511085919057234
8,039999999999704;-0,18494742685504242
8,049999999999704;-0,19476549993085593
8,059999999999704;-0,20456409661907876
8,069999999999704;-0,2143422370680917
8,079999999999703;-0,22409894347203183
8,089999999999703;-0,23383324016836673
8,099999999999703;-0,24354415373553248
8,109999999999703;-0,25323071309024925
8,119999999999703;-0,2628919495846707
8,129999999999702;-0,2725268971033576
8,139999999999702;-0,28213459215926656
8,149999999999702;-0,2917140739911164
8,159999999999702;-0,301264384658693
8,169999999999702;-0,3107845691389009
8,179999999999701;-0,32027367542105123
8,189999999999701;-0,32973075460267187
8,1999999999997;-0,3391548609835839
8,2099999999997;-0,34854505216092946
8,2199999999997;-0,3579003891235687
8,2299999999997;-0,3672199363456132
8,2399999999997;-0,3765027618800623
8,2499999999997;-0,3857479374519534
8,2599999999997;-0,39495453855162616
8,2699999999997;-0,40412164452652966
8,2799999999997;-0,41324833867375305
8,289999999999699;-0,4223337083315049
8,299999999999699;-0,4313768449702718
8,309999999999699;-0,4403768442841016
8,319999999999698;-0,4493328062805072
8,329999999999698;-0,45824383537077606
8,339999999999698;-0,4671090404593675
8,349999999999698;-0,47592753503293095
8,359999999999697;-0,4846984372498937
8,369999999999697;-0,49342087002690443
8,379999999999697;-0,5020939611281791
8,389999999999697;-0,5107168432515968
8,399999999999697;-0,5192886541163559
8,409999999999696;-0,5278085365484918
8,419999999999696;-0,5362756385668788
8,429999999999696;-0,544689113468146
8,439999999999696;-0,5530481199120452
8,449999999999696;-0,5613518220048362
8,459999999999695;-0,5695993893831075
8,469999999999695;-0,5777899972973369
8,479999999999695;-0,585922826693022
8,489999999999695;-0,593997064294616
8,499999999999694;-0,6020119026845853
8,509999999999694;-0,6099665403859188
8,519999999999694;-0,6178601819416342
8,529999999999694;-0,6256920379940171
8,539999999999694;-0,6334613253639857
8,549999999999693;-0,6411672671293266
8,559999999999693;-0,6488090927022562
8,569999999999693;-0,6563860379065124
8,579999999999693;-0,6638973450540657
8,589999999999693;-0,6713422630203533
8,599999999999692;-0,6787200473199105
8,609999999999692;-0,6860299601801433
8,619999999999692;-0,6932712706160232
8,629999999999692;-0,700443254502592
8,639999999999691;-0,7075451946475114
8,649999999999691;-0,7145763808624288
8,659999999999691;-0,7215361100349781
8,66999999999969;-0,7284236861976501
8,67999999999969;-0,7352384205986185
8,68999999999969;-0,7419796317703875
8,69999999999969;-0,7486466455971375
8,70999999999969;-0,755238795383307
8,71999999999969;-0,7617554219193932
8,72999999999969;-0,7681958735479926
8,73999999999969;-0,7745595062292814
8,74999999999969;-0,780845683605471
8,759999999999689;-0,7870537770640581
8,769999999999689;-0,7931831658007812
8,779999999999688;-0,7992332368819811
8,789999999999688;-0,8052033853054593
8,799999999999688;-0,811093014061496
8,809999999999688;-0,8169015341920624
8,819999999999688;-0,8226283648496098
8,829999999999687;-0,8282729333564569
8,839999999999687;-0,8338346752601385
8,849999999999687;-0,8393130343914572
8,859999999999687;-0,8447074629183817
8,869999999999687;-0,8500174214030143
8,879999999999686;-0,8552423788539287
8,889999999999686;-0,8603818127796742
8,899999999999686;-0,8654352092410914
8,909999999999686;-0,8704020629026069
8,919999999999686;-0,8752818770833377
8,929999999999685;-0,8800741638056816
8,939999999999685;-0,8847784438450745
8,949999999999685;-0,8893942467773377
8,959999999999685;-0,8939211110262502
8,969999999999684;-0,898358583908746
8,979999999999684;-0,9027062216817934
8,989999999999684;-0,9069635895846927
8,999999999999684;-0,9111302618846348
9,009999999999684;-0,9152058219175678
9,019999999999683;-0,9191898621309049
9,029999999999683;-0,9230819841239393
9,039999999999683;-0,926881798688055
9,049999999999683;-0,9305889258442227
9,059999999999683;-0,9342029948840427
9,069999999999682;-0,9377236444020368
9,079999999999682;-0,9411505223376071
9,089999999999682;-0,9444832860050594
9,099999999999682;-0,9477216021310609
9,109999999999681;-0,9508651468863715
9,119999999999681;-0,9539136059194844
9,129999999999681;-0,9568666743870684
9,13999999999968;-0,9597240569846001
9,14999999999968;-0,9624854679762245
9,15999999999968;-0,965150631222989
9,16999999999968;-0,9677192802108995
9,17999999999968;-0,9701911580773751
9,18999999999968;-0,9725660176362448
9,19999999999968;-0,9748436214038694
9,20999999999968;-0,9770237416222194
9,21999999999968;-0,9791061602800919
9,229999999999679;-0,9810906691380056
9,239999999999679;-0,9829770697464796
9,249999999999678;-0,984765173467233
9,259999999999678;-0,9864548014911845
9,269999999999678;-0,9880457848570798
9,279999999999678;-0,9895379644677915
9,289999999999678;-0,9909311911068345
9,299999999999677;-0,9922253254525392
9,309999999999677;-0,9934202380923086
9,319999999999677;-0,9945158095365213
9,329999999999677;-0,9955119302281078
9,339999999999677;-0,9964085005565503
9,349999999999676;-0,9972054308652759
9,359999999999676;-0,9979026414618546
9,369999999999676;-0,9985000626254983
9,379999999999676;-0,9989976346154928
9,389999999999675;-0,9993953076741728
9,399999999999675;-0,9996930420352574
9,409999999999675;-0,9998908079248829
9,419999999999675;-0,9999885855673142
9,429999999999675;-0,9999863651838276
9,439999999999674;-0,9998841469979479
9,449999999999674;-0,9996819412304038
9,459999999999674;-0,9993797681014167
9,469999999999674;-0,9989776578286121
9,479999999999674;-0,9984756506228302
9,489999999999673;-0,9978737966837876
9,499999999999673;-0,9971721561963391
9,509999999999673;-0,9963707993248323
9,519999999999673;-0,9954698062029271
9,529999999999673;-0,9944692669307993
9,539999999999672;-0,9933692815604545
9,549999999999672;-0,9921699600890186
9,559999999999672;-0,9908714224490033
9,569999999999672;-0,9894737984927955
9,579999999999671;-0,9879772279807955
9,589999999999671;-0,9863818605694052
9,599999999999671;-0,9846878557941963
9,60999999999967;-0,982895383053917
9,61999999999967;-0,981004621593959
9,62999999999967;-0,9790157604900176
9,63999999999967;-0,976928998625455
9,64999999999967;-0,974744544675223
9,65999999999967;-0,9724626170828403
9,66999999999967;-0,9700834440390143
9,67999999999967;-0,9676072634592203
9,689999999999669;-0,9650343229591206
9,699999999999669;-0,9623648798313504
9,709999999999669;-0,9595992010175515
9,719999999999668;-0,9567375630831014
9,729999999999668;-0,9537802521897901
9,739999999999668;-0,9507275640660221
9,749999999999668;-0,9475798039777693
9,759999999999668;-0,9443372866993721
9,769999999999667;-0,9410003364787028
9,779999999999667;-0,9375692870087027
9,789999999999667;-0,9340444813925892
9,799999999999667;-0,9304262721047473
9,809999999999667;-0,9267150209655811
9,819999999999666;-0,9229110990974766
9,829999999999666;-0,9190148868877928
9,839999999999666;-0,9150267739550112
9,849999999999666;-0,9109471591087003
9,859999999999665;-0,9067764503037047
9,869999999999665;-0,9025150646102331
9,879999999999665;-0,8981634281627967
9,889999999999665;-0,893721976120171
9,899999999999665;-0,8891911526253146
9,909999999999664;-0,884571410756507
9,919999999999664;-0,879863212482892
9,929999999999664;-0,8750670286216742
9,939999999999664;-0,8701833387869368
9,949999999999664;-0,8652126313431164
9,959999999999663;-0,860155403357818
9,969999999999663;-0,85501216054793
9,979999999999663;-0,8497834172356791
9,989999999999663;-0,8444696962889091
9,999999999999662;-0,8390715290770326
