-10;0,00013425561377078626
-9,99;0,00013184583324256545
-9,98;0,0001295303361149348
-9,97;0,0001273064478921491
-9,96;0,00012517157333430336
-9,950000000000001;0,00012312319613373723
-9,940000000000001;0,0001211588760879735
-9,930000000000001;-0,00018425555870746585
-9,920000000000002;-0,00017642846068615498
-9,910000000000002;-0,00016882048685889725
-9,900000000000002;-0,00016142496331121852
-9,890000000000002;-0,0001542354057682226
-9,880000000000003;-0,00014724551525081842
-9,870000000000003;-0,00014044916863106046
-9,860000000000003;-0,0001338404189988498
-9,850000000000003;-0,00012741348478126574
-9,840000000000003;-0,0001211627521931389
-9,830000000000004;-0,00011508276533937561
-9,820000000000004;-0,00010916822156478939
-9,810000000000004;-0,00010341397284377234
-9,800000000000004;-9,781501402424922E-05
-9,790000000000004;-9,236648358340789E-05
-9,780000000000005;-8,706365995172333E-05
-9,770000000000005;-8,190195364321052E-05
-9,760000000000005;-7,687690736931957E-05
-9,750000000000005;-7,198419068382483E-05
-9,740000000000006;-6,721959568384837E-05
-9,730000000000006;-6,257903598054287E-05
-9,720000000000006;-5,805854059169385E-05
-9,710000000000006;-5,3654252353374076E-05
-9,700000000000006;-4,9362423368611605E-05
-9,690000000000007;-4,51794145919226E-05
-9,680000000000007;-4,110168950467171E-05
-9,670000000000007;-3,7125811514459196E-05
-9,660000000000007;-3,3248444633333886E-05
-9,650000000000007;-2,9466346718413927E-05
-9,640000000000008;-2,577636780626882E-05
-9,630000000000008;-2,217544889703601E-05
-9,620000000000008;-1,8660617936774762E-05
-9,610000000000008;-1,522898710487814E-05
-9,600000000000009;-1,1877752321923273E-05
-9,590000000000009;-8,604188399130173E-06
-9,580000000000009;-5,405648347113945E-06
-9,57000000000001;-2,2795605703609598E-06
-9,56000000000001;0,0003021971465285379
-9,55000000000001;0,0002955634749794635
-9,54000000000001;0,0002891622054307328
-9,53000000000001;0,0002829867244405666
-9,52000000000001;0,00027703060995481316
-9,51000000000001;0,0002712876266718026
-9,50000000000001;0,00026575172253829606
-9,49000000000001;0,0002604170220534268
-9,480000000000011;0,0002552778205249883
-9,470000000000011;0,00025032858198064506
-9,460000000000012;0,00024556393309714064
-9,450000000000012;0,00024097865753983745
-9,440000000000012;0,000236567693622583
-9,430000000000012;0,00023232612970868513
-9,420000000000012;0,00022824919836111348
-9,410000000000013;0,00022433227367718155
-9,400000000000013;0,00022057086838837392
-9,390000000000013;0,00021696062741395075
-9,380000000000013;0,0002134973265350993
-9,370000000000013;0,00021017686731856383
-9,360000000000014;0,00020699527415196054
-9,350000000000014;0,0002039486909991981
-9,340000000000014;0,00020103337806543598
-9,330000000000014;0,0001982457070331782
-9,320000000000014;0,0001955821610238308
-9,310000000000015;0,00019303932870748565
-9,300000000000015;0,00019061390227295358
-9,290000000000015;0,00018830267497027715
-9,280000000000015;0,00018610253774885174
-9,270000000000016;0,00018401047713604207
-9,260000000000016;0,00018202357114561622
-9,250000000000016;0,00018013898925600121
-9,240000000000016;0,00017835398613176383
-9,230000000000016;0,00017666590288816484
-9,220000000000017;0,000175072163462556
-9,210000000000017;0,0001735702703929609
-9,200000000000017;0,0001721578058060697
-9,190000000000017;-0,00012825989688588883
-9,180000000000017;-0,00011988933429872735
-9,170000000000018;-0,00011173502602281017
-9,160000000000018;-0,00010379011736750621
-9,150000000000018;-9,604794625274558E-05
-9,140000000000018;-8,850203844679963E-05
-9,130000000000019;-8,11461020225635E-05
-9,120000000000019;-7,397402232405274E-05
-9,110000000000019;-6,697985757412217E-05
-9,10000000000002;-6,015783289977663E-05
-9,09000000000002;-5,3502336535758655E-05
-9,08000000000002;-4,7007915019205E-05
-9,07000000000002;-4,066926808280564E-05
-9,06000000000002;-3,448124567519367E-05
-9,05000000000002;-2,8438842992909298E-05
-9,04000000000002;-2,253719554580198E-05
-9,03000000000002;-1,677157634926113E-05
-9,020000000000021;-1,1137391883240524E-05
-9,010000000000021;-5,6301777370447665E-06
-9,000000000000021;-2,455950514222618E-07
-8,990000000000022;5,020572009013292E-06
-8,980000000000022;1,0172421809277418E-05
-8,970000000000022;1,5213936543310872E-05
-8,960000000000022;2,0148986623013646E-05
-8,950000000000022;2,4981334069506416E-05
-8,940000000000023;2,9714635070974182E-05
-8,930000000000023;3,4352443032535E-05
-8,920000000000023;3,8898212118752026E-05
-8,910000000000023;4,335529936987575E-05
-8,900000000000023;4,772696834086067E-05
-8,890000000000024;5,2016390796836946E-05
-8,880000000000024;5,622665050174019E-05
-8,870000000000024;6,0360745070289724E-05
-8,860000000000024;6,442158845397804E-05
-8,850000000000025;6,841201355332552E-05
-8,840000000000025;7,233477503525008E-05
-8,830000000000025;7,619255103707458E-05
-8,820000000000025;0,00037650532140815537
-8,810000000000025;0,0003706446138356252
-8,800000000000026;0,0003650267110968901
-8,790000000000026;0,000359644942163845
-8,780000000000026;0,00035449283446808283
-8,770000000000026;0,0003495641081113389
-8,760000000000026;0,00034485267039815126
-8,750000000000027;0,0003403526111926134
-8,740000000000027;0,0003360581977994063
-8,730000000000027;0,0003319638695373278
-8,720000000000027;0,0003280642338176358
-8,710000000000027;0,0003243540608016133
-8,700000000000028;0,0003208282793791253
-8,690000000000028;0,0003174819725135752
-8,680000000000028;0,0003143103732713917
-8,670000000000028;0,00031130885991631464
-8,660000000000029;0,00030847295313360076
-8,650000000000029;0,0003057983114153675
-8,640000000000029;0,00030328072651555405
-8,63000000000003;0,0003009161212637779
-8,62000000000003;0,0002987005448989449
-8,61000000000003;0,0002966301697253903
-8,60000000000003;0,00029470128795871836
-8,59000000000003;0,0002929103082165814
-8,58000000000003;0,0002912537521567351
-8,57000000000003;0,0002897282517248065
-8,56000000000003;0,0002883305458997575
-8,550000000000031;0,00028705747750363197
-8,540000000000031;0,00028590599052786934
-8,530000000000031;0,00028487312740883115
-8,520000000000032;0,00028395602605126773
-8,510000000000032;0,00028315191759991336
-8,500000000000032;0,00028245812321015277
-8,490000000000032;0,0002818720518768099
-8,480000000000032;0,0002813911984828989
-8,470000000000033;0,0002810131404567523
-8,460000000000033;0,0002807355359742934
-8,450000000000033;-1,3105388440016715E-05
-8,440000000000033;-3,611882771930794E-06
-8,430000000000033;5,67399267519691E-06
-8,420000000000034;1,4759349851212167E-05
-8,410000000000034;2,3651102795711905E-05
-8,400000000000034;3,235597414883687E-05
-8,390000000000034;4,088050029782051E-05
-8,380000000000035;4,923103648114965E-05
-8,370000000000035;5,7413762167906343E-05
-8,360000000000035;6,543468551482216E-05
-8,350000000000035;7,329964900620791E-05
-8,340000000000035;8,101433372996155E-05
-8,330000000000036;8,858426394715315E-05
-8,320000000000036;9,601481183450756E-05
-8,310000000000036;0,00010331120165181105
-8,300000000000036;0,00011047851406586996
-8,290000000000036;0,00011752169029644944
-8,280000000000037;0,00012444553616184164
-8,270000000000037;0,00013125472569193886
-8,260000000000037;0,00013795380553167382
-8,250000000000037;0,00014454719823338833
-8,240000000000038;0,00015103920588064863
-8,230000000000038;0,00015743401370600088
-8,220000000000038;0,0001637356935812077
-8,210000000000038;0,00016994820704308846
-8,200000000000038;0,00017607540910539858
-8,190000000000039;0,00018212105042544717
-8,180000000000039;0,0001880887816406605
-8,170000000000039;0,0001939821553052752
-8,16000000000004;0,00019980462913189403
-8,15000000000004;0,00020555956916622426
-8,14000000000004;0,00021125025194041906
-8,13000000000004;0,00021687986765183027
-8,12000000000004;0,00022245152233299514
-8,11000000000004;0,00022796824066827768
-8,10000000000004;0,000233432968504017
-8,09000000000004;0,00023884857483596008
-8,080000000000041;0,0005347030142935846
-8,070000000000041;0,0005304764595676363
-8,060000000000041;0,000526511803374714
-8,050000000000042;0,0005228023874560291
-8,040000000000042;0,000519341759340215
-8,030000000000042;0,0005161236665207723
-8,020000000000042;0,0005131420511838539
-8,010000000000042;0,0005103910444708641
-8,000000000000043;0,0005078649619447331
-7,990000000000043;0,0005055582982062567
-7,980000000000043;0,0005034657217826471
-7,970000000000043;0,0005015820709958926
-7,9600000000000435;0,0004999023487230129
-7,950000000000044;0,0004984217181886404
-7,940000000000044;0,0004971354984901981
-7,930000000000044;0,0004960391605362087
-7,920000000000044;0,0004951283226413086
-7,9100000000000446;0,0004943987465059163
-7,900000000000045;0,0004938463335986633
-7,890000000000045;0,000493467120805098
-7,880000000000045;0,0004932572775771916
-7,870000000000045;0,0004932131011265858
-7,860000000000046;0,0004933310140233431
-7,850000000000046;0,0004936075603028485
-7,840000000000046;0,0004940394020708215
-7,830000000000046;0,0004946233163538741
-7,8200000000000465;0,0004953561921258451
-7,810000000000047;0,0004962350272479624
-7,800000000000047;0,0004972569250311013
-7,790000000000047;0,0004984190921059259
-7,780000000000047;0,0004997188349774079
-7,7700000000000475;0,0005011535576586985
-7,760000000000048;0,0005027207590145674
-7,750000000000048;0,000504418029973356
-7,740000000000048;0,0005062430513058213
-7,730000000000048;0,0005081935908184124
-7,720000000000049;0,00021349013145275275
-7,710000000000049;0,00022552026860028372
-7,700000000000049;0,0002373559425831777
-7,690000000000049;0,0002490048709950886
-7,6800000000000495;0,0002604745640228326
-7,67000000000005;0,0002717723309830024
-7,66000000000005;0,00028290528572464443
-7,65000000000005;0,0002938803524017371
-7,64000000000005;0,0003047042710638602
-7,6300000000000505;0,00031538360266727137
-7,620000000000051;0,00032592473462106407
-7,610000000000051;0,00033633388578199806
-7,600000000000051;0,00034661711118235436
-7,590000000000051;0,00035678030699818415
-7,580000000000052;0,0003668292151750136
-7,570000000000052;0,0003767694279758994
-7,560000000000052;0,00038660639246191415
-7,550000000000052;0,00039634541453379053
-7,540000000000052;0,00040599166364341905
-7,530000000000053;0,00041555017623114143
-7,520000000000053;0,00042502586031377746
-7,510000000000053;0,0004344234989931118
-7,500000000000053;0,0004437477540632359
-7,4900000000000535;0,00045300317022507134
-7,480000000000054;0,00046219417811514023
-7,470000000000054;0,0004713250981361449
-7,460000000000054;0,0004804001435463954
-7,450000000000054;0,0004894234239843054
-7,440000000000055;0,0004983989485503977
-7,430000000000055;0,0005073306289867408
-7,420000000000055;0,0005162222825677986
-7,410000000000055;0,000525077635169238
-7,400000000000055;0,0005339003241693574
-7,390000000000056;0,0005426939011951078
-7,380000000000056;0,0005514618347560534
-7,370000000000056;0,0005602075129734702
-7,360000000000056;0,0005689342462992988
-7,3500000000000565;0,0008704228371704101
-7,340000000000057;0,0008693237952115444
-7,330000000000057;0,0008685304700463858
-7,320000000000057;0,0008680361558472321
-7,310000000000057;0,0008678343683497356
-7,3000000000000576;0,0008679188393143379
-7,290000000000058;0,0008682835104121886
-7,280000000000058;0,0008689225274644624
-7,270000000000058;0,000869830235571512
-7,260000000000058;0,0008710011731197602
-7,250000000000059;0,0008724300671107722
-7,240000000000059;0,0008741118277144658
-7,230000000000059;0,0008760415436303566
-7,220000000000059;0,0008782144773050883
-7,2100000000000595;0,0008806260602177434
-7,20000000000006;0,0008832718883477904
-7,19000000000006;0,0008861477178712358
-7,18000000000006;0,0008892494609603872
-7,17000000000006;0,0008925731813698095
-7,1600000000000605;0,0008961150906749813
-7,150000000000061;0,0008998715443417972
-7,140000000000061;0,0009038390376927308
-7,130000000000061;0,0009080142024134472
-7,120000000000061;0,0009123938029752647
-7,110000000000062;0,0009169747329413162
-7,100000000000062;0,000921754011723651
-7,090000000000062;0,0009267287812195342
-7,080000000000062;0,000931896302754589
-7,0700000000000625;0,000937253953614731
-7,060000000000063;0,0009427992244129889
-7,050000000000063;0,0009485297158857507
-7,040000000000063;0,0009544431361472631
-7,030000000000063;0,0009605372978922213
-7,0200000000000635;0,0009668101156469415
-7,010000000000064;0,0009732596032702226
-7,000000000000064;0,000979883871270042
-6,990000000000064;0,0009866811243923917
-6,980000000000064;0,0007053630482646614
-6,970000000000065;0,0007222520739286143
-6,960000000000065;0,0007389927298235494
-6,950000000000065;0,0007555934155651278
-6,940000000000065;0,0007720623212764588
-6,930000000000065;0,0007884074337256916
-6,920000000000066;0,0008046365424127918
-6,910000000000066;0,0008207572455227936
-6,900000000000066;0,000836776955580676
-6,890000000000066;0,0008527029051801043
-6,8800000000000665;0,000868542152321908
-6,870000000000067;0,0008843015858152135
-6,860000000000067;0,0008999879303883582
-6,850000000000067;0,0009156077518182839
-6,840000000000067;0,0009311674617056924
-6,830000000000068;0,0009466733223547074
-6,820000000000068;0,000962131451454207
-6,810000000000068;0,0009775478264484356
-6,800000000000068;0,0009929282891586073
-6,790000000000068;0,0010082785499123574
-6,780000000000069;0,0010236041918608512
-6,770000000000069;0,0010389106749263259
-6,760000000000069;0,0010542033399195399
-6,750000000000069;0,0010694874122634944
-6,7400000000000695;0,001084768005836238
-6,73000000000007;0,0011000501266163983
-6,72000000000007;0,0011153386762647484
-6,71000000000007;0,0011306384555425648
-6,70000000000007;0,0011459541678410677
-6,690000000000071;0,0011612904222906926
-6,680000000000071;0,001176651737096509
-6,670000000000071;0,001192042542664804
-6,660000000000071;0,001207467184530027
-6,650000000000071;0,0012229299264791636
-6,640000000000072;0,0012384349533128094
-6,630000000000072;0,001253986373748933
-6,620000000000072;0,0012695882230564256
-6,610000000000072;0,0015684743924134076
-6,6000000000000725;0,0015744960046184485
-6,590000000000073;0,0015808975081995995
-6,580000000000073;0,0015876727118411405
-6,570000000000073;0,0015948156612133808
-6,560000000000073;0,001602320632843552
-6,5500000000000735;0,0016101821281478245
-6,540000000000074;0,0016183948676131276
-6,530000000000074;0,0016269537852415957
-6,520000000000074;0,001635854022984105
-6,510000000000074;0,0016450909254355716
-6,500000000000075;0,0016546600346774901
-6,490000000000075;0,0016645570852332186
-6,480000000000075;0,0016747779991670986
-6,470000000000075;0,0016853188812990527
-6,4600000000000755;0,001696176014654575
-6,450000000000076;0,0017073458558638415
-6,440000000000076;0,0017188250309395849
-6,430000000000076;0,001730610330875626
-6,420000000000076;0,0017426987076392514
-6,4100000000000765;0,0017550872701508572
-6,400000000000077;0,0017677732803300828
-6,390000000000077;0,0017807541493862146
-6,380000000000077;0,0017940274341458153
-6,370000000000077;0,001807590833490454
-6,360000000000078;0,0018214421848325526
-6,350000000000078;0,0018355794608510116
-6,340000000000078;0,0018500007662084648
-6,330000000000078;0,0018647043343391428
-6,320000000000078;0,0018796885244708964
-6,310000000000079;0,0018949518185540316
-6,300000000000079;0,0019104928184594356
-6,290000000000079;0,0019263102430982285
-6,280000000000079;0,0019424029257994041
-6,2700000000000795;0,0019587698115486837
-6,26000000000008;0,001975409954610979
-6,25000000000008;0,001992322515833118
-6,24000000000008;0,0017319867005459184
-6,23000000000008;0,0017590634618288923
-6,220000000000081;0,0017860918279659645
-6,210000000000081;0,0018130814466948985
-6,200000000000081;0,0018400417578012666
-6,190000000000081;0,0018669819998170707
-6,180000000000081;0,001893911216350333
-6,170000000000082;0,0019208382624942184
-6,160000000000082;0,0019477718108665049
-6,150000000000082;0,001974720357568463
-6,140000000000082;0,0020016922280495474
-6,1300000000000825;0,0020286955827124972
-6,120000000000083;0,0020557384225136912
-6,110000000000083;0,0020828285942336715
-6,100000000000083;0,0021099737958375176
-6,090000000000083;0,002137181581498942
-6,080000000000084;0,0021644593665967036
-6,070000000000084;0,0021918144326172565
-6,060000000000084;0,002219253931820184
-6,050000000000084;0,002246784891870431
-6,040000000000084;0,0022744142203714643
-6,030000000000085;0,002302148709145423
-6,020000000000085;0,0023299950386346992
-6,010000000000085;0,002357959781948148
-6,000000000000085;0,002386049408987127
-5,9900000000000855;0,0024142702903467983
-5,980000000000086;0,0024426287012327993
-5,970000000000086;0,0024711308251428744
-5,960000000000086;0,0024997827575897135
-5,950000000000086;0,0025285905096772247
-5,9400000000000865;0,002557560011503079
-5,930000000000087;0,002586697115667253
-5,920000000000087;0,0026160076004637734
-5,910000000000087;0,0026454971732343853
-5,900000000000087;0,0026751714734039684
-5,890000000000088;0,0027050360756182825
-5,880000000000088;0,0027350964927241594
-5,870000000000088;0,003036412424570434
-5,860000000000088;0,0030573472042118473
-5,8500000000000885;0,003078813882016191
-5,840000000000089;0,003100807538235321
-5,830000000000089;0,0031233235147376886
-5,820000000000089;0,003146357408684698
-5,810000000000089;0,0031699050664775437
-5,8000000000000895;0,003193962577738421
-5,79000000000009;0,0032185262696350064
-5,78000000000009;0,003243592701209113
-5,77000000000009;0,0032691586579691985
-5,76000000000009;0,0032952211466053946
-5,750000000000091;0,0033217773898351903
-5,740000000000091;0,0033488248214613367
-5,730000000000091;0,003376361081515708
-5,720000000000091;0,0034043840115595466
-5,7100000000000914;0,0034328916501329024
-5,700000000000092;0,0034618822283675756
-5,690000000000092;0,0034913541656512955
-5,680000000000092;0,0035213060655027925
-5,670000000000092;0,003551736711539979
-5,6600000000000925;0,0035826450635541777
-5,650000000000093;0,0036140302537374185
-5,640000000000093;0,0036458915829878646
-5,630000000000093;0,0036782285173900474
-5,620000000000093;0,0037110406847084523
-5,610000000000094;0,0037443278711147675
-5,600000000000094;0,0037780900178957773
-5,590000000000094;0,003812327218343772
-5,580000000000094;0,0038470397147606895
-5,570000000000094;0,0038822278954461255
-5,560000000000095;0,003917892291942253
-5,550000000000095;0,003954033576226373
-5,540000000000095;0,003990652558094934
-5,530000000000095;0,00402775018259301
-5,5200000000000955;0,004065327527513714
-5,510000000000096;0,0038299172685131878
-5,500000000000096;0,0038782147762750387
-5,490000000000096;0,003926664708984584
-5,480000000000096;0,0039752793289268736
-5,470000000000097;0,004024070694439596
-5,460000000000097;0,004073050667325246
-5,450000000000097;0,0041222309199405345
-5,440000000000097;0,004171622942257143
-5,430000000000097;0,004221238048662993
-5,420000000000098;0,004271087384646727
-5,410000000000098;0,004321181933285185
-5,400000000000098;0,004371532521584428
-5,390000000000098;0,0044221498266742544
-5,3800000000000985;0,004473044381850473
-5,370000000000099;0,004524226582462385
-5,360000000000099;0,004575706691664528
-5,350000000000099;0,0046274948460342455
-5,340000000000099;0,004679601061044657
-5,3300000000000995;0,004732035236403823
-5,3200000000001;0,0047848071612892045
-5,3100000000001;0,0048379265194281925
-5,3000000000001;0,004891402894092782
-5,2900000000001;0,004945245772920055
-5,280000000000101;0,004999464552693528
-5,270000000000101;0,005054068543925441
-5,260000000000101;0,005109066975440427
-5,250000000000101;0,005164468998726126
-5,2400000000001015;0,005220283692293691
-5,230000000000102;0,005276520065858065
-5,220000000000102;0,0053331870644993395
-5,210000000000102;0,005390293572622728
-5,200000000000102;0,00544784841794501
-5,1900000000001025;0,00550586037529631
-5,180000000000103;0,005564338170406231
-5,170000000000103;0,005623290483543417
-5,160000000000103;0,005682725953142946
-5,150000000000103;0,005742653179274592
-5,140000000000104;0,006068055567785944
-5,130000000000104;0,0061193668090476026
-5,120000000000104;0,006171527277965107
-5,110000000000104;0,006224534627231555
-5,1000000000001044;0,0062783868207379094
-5,090000000000105;0,006333082127056302
-5,080000000000105;0,006388619113059473
-5,070000000000105;0,006444996637779488
-5,060000000000105;0,006502213846427543
-5,0500000000001055;0,006560270164598889
-5,040000000000106;0,006619165292658921
-5,030000000000106;0,006678899200310197
-5,020000000000106;0,00673947212130668
-5,010000000000106;0,006800884548362005
-5,000000000000107;0,006863137228199705
-4,990000000000107;0,006926231156758075
-4,980000000000107;0,006990167574574331
-4,970000000000107;0,007054947962301246
-4,960000000000107;0,007120574036354815
-4,950000000000108;0,007187047744750326
-4,940000000000108;0,007254371263021191
-4,930000000000108;0,0073225469903365524
-4,920000000000108;0,007391577545689894
-4,9100000000001085;0,007461465764275553
-4,900000000000109;0,007532214693946853
-4,890000000000109;0,007603827591829772
-4,880000000000109;0,0076763079210330955
-4,870000000000109;0,007749659347508542
-4,86000000000011;0,007823885736995913
-4,85000000000011;0,007898991152090938
-4,84000000000011;0,007974979849433732
-4,83000000000011;0,00805185627699588
-4,82000000000011;0,00812962507147451
-4,810000000000111;0,008208291055789848
-4,800000000000111;0,00828785923667905
-4,790000000000111;0,008368334802402275
-4,780000000000111;0,008184652790521642
-4,7700000000001115;0,008276765599376765
-4,760000000000112;0,008369459094612453
-4,750000000000112;0,0084627505062897
-4,740000000000112;0,00855665688419027
-4,730000000000112;0,008651195106244246
-4,7200000000001125;0,008746381886785145
-4,710000000000113;0,008842233784630274
-4,700000000000113;0,0089387672109287
-4,690000000000113;0,009035998436900212
-4,680000000000113;0,009133943601350133
-4,670000000000114;0,009232618718026926
-4,660000000000114;0,009332039682834626
-4,650000000000114;0,009432222280869196
-4,640000000000114;0,009533182193303423
-4,6300000000001145;0,009634935004110497
-4,620000000000115;0,009737496206680086
-4,610000000000115;0,00984088121023293
-4,600000000000115;0,009945105346142936
-4,590000000000115;0,010050183874101415
-4,5800000000001155;0,01015613198817318
-4,570000000000116;0,010262964822675275
-4,560000000000116;0,010370697457999135
-4,550000000000116;0,010479344926265571
-4,540000000000116;0,010588922216867101
-4,530000000000117;0,010699444281913998
-4,520000000000117;0,01081092604155274
-4,510000000000117;0,010923382389194857
-4,500000000000117;0,011036828196620638
-4,4900000000001175;0,011151278318998668
-4,480000000000118;0,011266747599795016
-4,470000000000118;0,011383250875595724
-4,460000000000118;0,011500802980835096
-4,450000000000118;0,011619418752435015
-4,4400000000001185;0,011739113034342635
-4,430000000000119;0,011859900682013045
-4,420000000000119;0,011981796566784822
-4,410000000000119;0,012358554744847108
-4,400000000000119;0,012473105917630975
-4,39000000000012;0,01258915310767915
-4,38000000000012;0,01270669978238624
-4,37000000000012;0,012825749807074741
-4,36000000000012;0,012946307438382605
-4,35000000000012;0,013068377317883653
-4,340000000000121;0,013191964465915413
-4,330000000000121;0,013317074275615326
-4,320000000000121;0,013443712507172774
-4,310000000000121;0,013571885282263422
-4,3000000000001215;0,01370159907871242
-4,290000000000122;0,01383286072531014
-4,280000000000122;0,013965677396843445
-4,270000000000122;0,014100056609310315
-4,260000000000122;0,014236006215297857
-4,250000000000123;0,014373534399556841
-4,240000000000123;0,01451264967472241
-4,230000000000123;0,014653360877235745
-4,220000000000123;0,014795677163398784
-4,210000000000123;0,014939608005612988
-4,200000000000124;0,015085163188765715
-4,190000000000124;0,015232352806764667
-4,180000000000124;0,015381187259240295
-4,170000000000124;0,015531677248377663
-4,1600000000001245;0,015683833775902392
-4,150000000000125;0,015837668140205402
-4,140000000000125;0,01599319193360704
-4,130000000000125;0,01615041703975454
-4,120000000000125;0,016309355631148773
-4,1100000000001256;0,016470020166811046
-4,100000000000126;0,016632423390060616
-4,090000000000126;0,016796578326431878
-4,080000000000126;0,016962498281700045
-4,070000000000126;0,017130196840039944
-4,060000000000127;0,01729968786228256
-4,050000000000127;0,01722057023183278
-4,040000000000127;0,017403400702671434
-4,030000000000127;0,017587712890435096
-4,0200000000001275;0,01777353381835796
-4,010000000000128;0,017960890396158995
-4,000000000000128;0,01814980943023007
-3,990000000000128;0,018340317633594307
-3,9800000000001283;0,018532441635672803
-3,9700000000001285;0,018726207991870244
-3,9600000000001288;0,018921643192956823
-3,950000000000129;0,019118773674291618
-3,940000000000129;0,01931762582483457
-3,9300000000001294;0,019518225996018775
-3,9200000000001296;0,019720600510444813
-3,91000000000013;0,01992477567040222
-3,90000000000013;0,020130777766252914
-3,8900000000001302;0,020338633084640262
-3,8800000000001305;0,02054836791656731
-3,8700000000001307;0,020760008565321363
-3,860000000000131;0,020973581354260522
-3,850000000000131;0,02118911263446177
-3,8400000000001313;0,0214066287922427
-3,8300000000001315;0,021626156256549706
-3,8200000000001317;0,021847721506229486
-3,810000000000132;0,022071351077167668
-3,800000000000132;0,022297071569328072
-3,7900000000001324;0,02252490965366597
-3,7800000000001326;0,022754892078933914
-3,770000000000133;0,022987045678394293
-3,760000000000133;0,023221397376409575
-3,7500000000001332;0,023457974194955596
-3,7400000000001334;0,023696803260020348
-3,7300000000001337;0,02393791180792324
-3,720000000000134;0,02418132719154141
-3,710000000000134;0,024427076886451172
-3,7000000000001343;0,024675188496985877
-3,6900000000001345;0,02517053737903756
-3,6800000000001347;0,0254136896373399
-3,670000000000135;0,02565965202795377
-3,660000000000135;0,025908440058460942
-3,6500000000001354;0,02616006980194725
-3,6400000000001356;0,026414557890577037
-3,630000000000136;0,02667192150942159
-3,620000000000136;0,02693217839055362
-3,610000000000136;0,027195346807383638
-3,6000000000001364;0,027461445569250627
-3,5900000000001366;0,027730494016250367
-3,580000000000137;0,028002512014297126
-3,570000000000137;0,028277519950424896
-3,5600000000001373;0,028555538728306462
-3,5500000000001375;0,028836589764006083
-3,5400000000001377;0,029120694981936698
-3,530000000000138;0,029407876811044724
-3,520000000000138;0,02969815818119562
-3,5100000000001383;0,029991562519763135
-3,5000000000001386;0,030288113748434157
-3,4900000000001388;0,030587836280191908
-3,480000000000139;0,03089075501650666
-3,470000000000139;0,031196895344715477
-3,4600000000001394;0,03150628313557693
-3,4500000000001396;0,03181894474102494
-3,44000000000014;0,032134906992088375
-3,43000000000014;0,03245419719699643
-3,4200000000001403;0,03277684313944968
-3,4100000000001405;0,0331028730770619
-3,4000000000001407;0,03343231573997887
-3,390000000000141;0,033765200329637604
-3,380000000000141;0,03410155651771085
-3,3700000000001413;0,0344414144451952
-3,3600000000001415;0,03478480472165409
-3,3500000000001418;0,03513175842461954
-3,340000000000142;0,035482307099132825
-3,330000000000142;0,035599993772604414
-3,3200000000001424;0,03596757961348719
-3,3100000000001426;0,03633848344003628
-3,300000000000143;0,03671275197691938
-3,290000000000143;0,03709043198111338
-3,2800000000001432;0,03747157025526121
-3,2700000000001435;0,03785621366081366
-3,2600000000001437;0,0382444091309617
-3,250000000000144;0,03863620368335765
-3,240000000000144;0,039031644432648546
-3,2300000000001443;0,0394307786028108
-3,2200000000001445;0,03983365353930193
-3,2100000000001447;0,04024031672102639
-3,200000000000145;0,04065081577213295
-3,190000000000145;0,04106519847364036
-3,1800000000001454;0,041483512774893413
-3,1700000000001456;0,041905806804870556
-3,160000000000146;0,04233212888332705
-3,150000000000146;0,04276252753179763
-3,1400000000001462;0,04319705148444921
-3,1300000000001464;0,04363574969880104
-3,1200000000001467;0,044078671366303154
-3,110000000000147;0,044525865922794804
-3,100000000000147;0,044977383058831824
-3,0900000000001473;0,04543327272989354
-3,0800000000001475;0,04589358516647813
-3,0700000000001477;0,04635837088408657
-3,060000000000148;0,046827680693094106
-3,050000000000148;0,04730156570852653
-3,0400000000001484;0,04778007735973198
-3,0300000000001486;0,04826326739996225
-3,020000000000149;0,04875118791586235
-3,010000000000149;0,04924389133687228
-3,000000000000149;0,04974143044454808
-2,9900000000001494;0,05024385838180261
-2,9800000000001496;0,050751228662073135
-2,97000000000015;0,05148826954435911
-2,96000000000015;0,05199604858610288
-2,9500000000001503;0,05250931573654575
-2,9400000000001505;0,053028112089896634
-2,9300000000001507;0,053552479622049926
-2,920000000000151;0,054082461185343336
-2,910000000000151;0,054618100503636906
-2,9000000000001513;0,05515944216771547
-2,8900000000001516;0,0557065316310031
-2,8800000000001518;0,05625941520559094
-2,870000000000152;0,0568181400585653
-2,860000000000152;0,05738275420863526
-2,8500000000001524;0,05795330652305786
-2,8400000000001526;0,05852984671484601
-2,830000000000153;0,05911242534026643
-2,820000000000153;0,05970109379661389
-2,8100000000001533;0,06029590432025965
-2,8000000000001535;0,06089690998497259
-2,7900000000001537;0,06150416470050629
-2,780000000000154;0,06211772321144357
-2,770000000000154;0,06273764109630364
-2,7600000000001543;0,06336397476690223
-2,7500000000001545;0,0639967814679565
-2,7400000000001548;0,06463611927694046
-2,730000000000155;0,0652820471041812
-2,720000000000155;0,0659346246931909
-2,7100000000001554;0,06659391262123668
-2,7000000000001556;0,06725997230013983
-2,690000000000156;0,06793286597730225
-2,680000000000156;0,06861265673695813
-2,6700000000001562;0,06929940850164841
-2,6600000000001565;0,06999318603390921
-2,6500000000001567;0,07069405493817903
-2,640000000000157;0,07140208166291716
-2,630000000000157;0,07211733350292954
-2,6200000000001573;0,07283987860190459
-2,6100000000001575;0,07336116922981546
-2,6000000000001577;0,07410790069873846
-2,590000000000158;0,07486174591751593
-2,580000000000158;0,07562279116197454
-2,5700000000001584;0,07639112307022448
-2,5600000000001586;0,07716682866168063
-2,550000000000159;0,07794999535587022
-2,540000000000159;0,07874071099101827
-2,5300000000001592;0,07953906384243319
-2,5200000000001594;0,08034514264069369
-2,5100000000001597;0,08115903658963657
-2,50000000000016;0,08198083538416781
-2,49000000000016;0,0828106292278909
-2,4800000000001603;0,08364850885056202
-2,4700000000001605;0,08449456552538225
-2,4600000000001607;0,0853488910861309
-2,450000000000161;0,08621157794414439
-2,440000000000161;0,08708271910514995
-2,4300000000001614;0,08796240818595859
-2,4200000000001616;0,08885073943102566
-2,410000000000162;0,08974780772887919
-2,400000000000162;0,09065370862843218
-2,390000000000162;0,09156853835516998
-2,3800000000001624;0,09249239382723606
-2,3700000000001626;0,09342537267140642
-2,360000000000163;0,09436757323896484
-2,350000000000163;0,09531909462148733
-2,3400000000001633;0,0962800366665346
-2,3300000000001635;0,09725049999326259
-2,3200000000001637;0,09823058600795384
-2,310000000000164;0,09922039691947629
-2,300000000000164;0,10022003575467443
-2,2900000000001643;0,1012296063736971
-2,2800000000001646;0,10224921348526654
-2,2700000000001648;0,10327896266189533
-2,260000000000165;0,10451576580129371
-2,250000000000165;0,10555674946732155
-2,2400000000001654;0,10660860456580686
-2,2300000000001656;0,1076714242701406
-2,220000000000166;0,10874530325447603
-2,210000000000166;0,10983033769140876
-2,2000000000001663;0,11092662525009808
-2,1900000000001665;0,11203426509482109
-2,1800000000001667;0,11315335788395253
-2,170000000000167;0,11428400576936643
-2,160000000000167;0,11542631239625478
-2,1500000000001673;0,11658038290335619
-2,1400000000001675;0,11774632392358747
-2,1300000000001678;0,11892424358508145
-2,120000000000168;0,12011425151261225
-2,110000000000168;0,12131645882941713
-2,1000000000001684;0,12253097815940124
-2,0900000000001686;0,12375792362972252
-2,080000000000169;0,12499741087375497
-2,070000000000169;0,1262495570344222
-2,0600000000001693;0,12751448076789823
-2,0500000000001695;0,12879230224767466
-2,0400000000001697;0,1300831431689821
-2,03000000000017;0,13138712675357164
-2,02000000000017;0,13270437775484326
-2,0100000000001703;0,13403502246332596
-2,0000000000001705;0,13537918871249907
-1,9900000000001705;0,1367370058849534
-1,9800000000001705;0,1381086049188915
-1,9700000000001705;0,13949411831495878
-1,9600000000001705;0,14089368014340672
-1,9500000000001705;0,14230742605158134
-1,9400000000001705;0,14373549327173668
-1,9300000000001705;0,1451780206291686
-1,9200000000001705;0,14644754145761696
-1,9100000000001705;0,147928957322347
-1,9000000000001704;0,14942482010334462
-1,8900000000001704;0,15093529315318938
-1,8800000000001704;0,1524605408093801
-1,8700000000001704;0,15400072842470325
-1,8600000000001704;0,15555602239736993
-1,8500000000001704;0,1571265902009365
-1,8400000000001704;0,15871260041400873
-1,8300000000001704;0,16031422274974733
-1,8200000000001704;0,16193162808517847
-1,8100000000001704;0,16356498849031686
-1,8000000000001704;0,1652144772571145
-1,7900000000001703;0,1668802689282396
-1,7800000000001703;0,16856253932569423
-1,7700000000001703;0,17026146557928257
-1,7600000000001703;0,17197722615493283
-1,7500000000001703;0,17371000088288435
-1,7400000000001703;0,17545997098574734
-1,7300000000001703;0,17722731910644238
-1,7200000000001703;0,17901222933602695
-1,7100000000001703;0,18081488724141973
-1,7000000000001703;0,18263547989302711
-1,6900000000001703;0,18447419589228078
-1,6800000000001702;0,18633122539909378
-1,6700000000001702;0,18820676015924456
-1,6600000000001702;0,19010099353169127
-1,6500000000001702;0,1920141205158308
-1,6400000000001702;0,1939463377787025
-1,6300000000001702;0,1958978436821499
-1,6200000000001702;0,19786883830994348
-1,6100000000001702;0,19985952349487388
-1,6000000000001702;0,20187010284582096
-1,5900000000001702;0,20390078177480742
-1,5800000000001702;0,2061208703049702
-1,5700000000001701;0,20818297982884085
-1,5600000000001701;0,21026628283887122
-1,5500000000001701;0,21237097182117656
-1,5400000000001701;0,2144972419702916
-1,5300000000001701;0,21664529119190398
-1,52000000000017;0,21881532010623886
-1,51000000000017;0,22100753205208776
-1,50000000000017;0,22322213309147998
-1,49000000000017;0,22545933201498863
-1,48000000000017;0,22771934034766558
-1,47000000000017;0,23000237235560278
-1,46000000000017;0,23230864505311316
-1,45000000000017;0,23463837821052658
-1,44000000000017;0,23699179436259699
-1,43000000000017;0,239369118817514
-1,42000000000017;0,24177057966651722
-1,41000000000017;0,2441964077941071
-1,40000000000017;0,24664683688884706
-1,39000000000017;0,24912210345475522
-1,38000000000017;0,25162244682327983
-1,37000000000017;0,2541481091658546
-1,36000000000017;0,2566993355070298
-1,35000000000017;0,25927637373817625
-1,34000000000017;0,2618794746317571
-1,33000000000017;0,2645088918561652
-1,32000000000017;0,2671648819911212
-1,31000000000017;0,269847704543629
-1,30000000000017;0,2725576219644875
-1,29000000000017;0,2752948996653509
-1,28000000000017;0,2780598060363395
-1,2700000000001699;0,2808526124641944
-1,2600000000001699;0,2836735933509746
-1,2500000000001699;0,28637519715319404
-1,2400000000001699;0,2892625626636185
-1,2300000000001698;0,29217843915301484
-1,2200000000001698;0,2951231372279698
-1,2100000000001698;0,2980969696580871
-1,2000000000001698;0,30110025142852015
-1,1900000000001698;0,3041332997922861
-1,1800000000001698;0,30719643432236826
-1,1700000000001698;0,3102899769636205
-1,1600000000001698;0,3134142520844794
-1,1500000000001698;0,31656958652849904
-1,1400000000001698;0,3197563096657126
-1,1300000000001698;0,3229747534438369
-1,1200000000001697;0,3262252524393259
-1,1100000000001697;0,329508143908283
-1,1000000000001697;0,332823767837245
-1,0900000000001697;0,3361724669938458
-1,0800000000001697;0,3395545869773685
-1,0700000000001697;0,3429704762692005
-1,0600000000001697;0,3464204862831953
-1,0500000000001697;0,34990497141595617
-1,0400000000001697;0,35342428909705037
-1,0300000000001697;0,35697879983916125
-1,0200000000001697;0,36056886728819254
-1,0100000000001697;0,36419485827333103
-1,0000000000001696;0,3678571428570805
-0,9900000000001696;0,37155609438527426
-0,9800000000001696;0,37529208953707943
-0,9700000000001696;0,3790655083749996
-0,9600000000001696;0,3828767343948883
-0,9500000000001696;0,3867261545759823
-0,9400000000001696;0,3907428256202894
-0,9300000000001696;0,3946605281494457
-0,9200000000001696;0,3986181870306881
-0,9100000000001696;0,4026161731686
-0,9000000000001696;0,40665486249993116
-0,8900000000001695;0,41073463600209853
-0,8800000000001695;0,41485587970268534
-0,8700000000001695;0,4190189846899416
-0,8600000000001695;0,4232243471242839
-0,8500000000001695;0,42747236825079565
-0,8400000000001695;0,4317634544127268
-0,8300000000001695;0,4360980170659942
-0,8200000000001695;0,44047647279468105
-0,8100000000001695;0,44489924332753716
-0,8000000000001695;0,4493667555554794
-0,7900000000001695;0,45387944155009113
-0,7800000000001694;0,45843773858312226
-0,7700000000001694;0,4630420891469896
-0,7600000000001694;0,4676929409762763
-0,7500000000001694;0,4723907470702325
-0,7400000000001694;0,47713596571627476
-0,7300000000001694;0,4819290605144865
-0,7200000000001694;0,48677050040311765
-0,7100000000001694;0,49166075968508477
-0,7000000000001694;0,4966003180554715
-0,6900000000001694;0,5015896606300276
-0,6800000000001694;0,5066292779746698
-0,6700000000001693;0,5117196661359814
-0,6600000000001693;0,5168613266727125
-0,6500000000001693;0,5219500182290782
-0,6400000000001693;0,5272050551465773
-0,6300000000001693;0,5325122032974098
-0,6200000000001693;0,5378720293065754
-0,6100000000001693;0,5432851034990747
-0,6000000000001693;0,5487519999999071
-0,5900000000001693;0,5542732968340727
-0,5800000000001693;0,5598495760265718
-0,5700000000001693;0,5654814237024042
-0,5600000000001693;0,5711694301865698
-0,5500000000001692;0,5769141901040691
-0,5400000000001692;0,5827163024799014
-0,5300000000001692;0,5885763708390669
-0,5200000000001692;0,594495003306566
-0,5100000000001692;0,6004728127073983
-0,5000000000001692;0,606510416666564
-0,4900000000001692;0,6126084377090629
-0,4800000000001692;0,6187675033598952
-0,47000000000016917;0,6249882462440608
-0,46000000000016916;0,6312713041865599
-0,45000000000016915;0,637617320312392
-0,44000000000016914;0,6440269431465577
-0,43000000000016914;0,6505008267140565
-0,4200000000001691;0,6570396306398889
-0,4100000000001691;0,6636440202490544
-0,4000000000001691;0,6703146666665534
-0,3900000000001691;0,6771274337498856
-0,3800000000001691;0,6839234733332178
-0,3700000000001691;0,6907887337498834
-0,3600000000001691;0,6977238399998821
-0,35000000000016906;0,7047294270832143
-0,34000000000016906;0,7118061399998797
-0,33000000000016905;0,7189546337498786
-0,32000000000016904;0,7261755733332107
-0,31000000000016903;0,7334696337498762
-0,300000000000169;0,7408374999998748
-0,290000000000169;0,7482798670832069
-0,280000000000169;0,7557974399998724
-0,270000000000169;0,763390933749871
-0,260000000000169;0,7710610733332031
-0,250000000000169;0,7788085937498683
-0,24000000000016897;0,7866342399998671
-0,23000000000016896;0,7945387670831991
-0,22000000000016895;0,8025229399998643
-0,21000000000016894;0,810587533749863
-0,20000000000016893;0,818733333333195
-0,19000000000016892;0,8269611337498604
-0,1800000000001689;0,8352279999998588
-0,1700000000001689;0,843631166666524
-0,1600000000001689;0,8521173333331893
-0,1500000000001689;0,8606874999998545
-0,14000000000016888;0,8693426666665198
-0,13000000000016887;0,878083833333185
-0,12000000000016887;0,8869119999998503
-0,11000000000016888;0,8958281666665153
-0,10000000000016888;0,9048333333331805
-0,09000000000016889;0,9139284999998457
-0,0800000000001689;0,9231146666665108
-0,0700000000001689;0,9323928333331758
-0,0600000000001689;0,941763999999841
-0,050000000000168895;0,9512291666665059
-0,040000000000168894;0,9607999999998379
-0,03000000000016889;0,9704499999998362
-0,02000000000016889;0,9801999999998345
-0,01000000000016889;0,9900499999998328
-1,6888920817414999E-13;0,9999999999998311
0,009999999999831111;1,0100499999998294
0,01999999999983111;1,0201999999998277
0,029999999999831113;1,030449999999826
0,039999999999831115;1,0407999999998243
0,04999999999983112;1,0512708333331557
0,05999999999983112;1,0618359999998206
0,06999999999983111;1,0725071666664854
0,07999999999983111;1,0832853333331505
0,0899999999998311;1,0941714999998151
0,0999999999998311;1,10516666666648
0,1099999999998311;1,116271833333145
0,11999999999983109;1,1274879999998095
0,12999999999983108;1,1388161666664744
0,1399999999998311;1,1502573333331392
0,1499999999998311;1,1618124999998038
0,1599999999998311;1,1734826666664688
0,16999999999983112;1,1852688333331334
0,17999999999983113;1,197171999999798
0,18999999999983114;1,2092474670831292
0,19999999999983115;1,2213999999997938
0,20999999999983116;1,2336745337497919
0,21999999999983116;1,246072273333123
0,22999999999983117;1,2585944337497876
0,23999999999983118;1,2712422399997856
0,2499999999998312;1,2840169270831168
0,2599999999998312;1,2969197399997812
0,2699999999998312;1,309951933749779
0,2799999999998312;1,3231147733331101
0,2899999999998312;1,3364095337497746
0,29999999999983123;1,3498374999997722
0,30999999999983124;1,3633999670831034
0,31999999999983125;1,3770982399997678
0,32999999999983126;1,3909336337497655
0,33999999999983127;1,4049074733330962
0,3499999999998313;1,4190210937497607
0,3599999999998313;1,4332758399997585
0,3699999999998313;1,4476730670830893
0,3799999999998313;1,4622141399997535
0,3899999999998313;1,476900433749751
0,3999999999998313;1,491818666666415
0,40999999999983133;1,5068107805839126
0,41999999999983134;1,5219534493597435
0,42999999999983135;1,5372481741189075
0,43999999999983136;1,5526964701864048
0,44999999999983137;1,5682998671872357
0,4599999999998314;1,5840599091463996
0,4699999999998314;1,5999781545888967
0,4799999999998314;1,6160561766397277
0,4899999999998314;1,6322955631238916
0,4999999999998314;1,6486979166663887
0,5099999999998314;1,6652648547922195
0,5199999999998314;1,681998010026383
0,5299999999998314;1,6988990299938806
0,5399999999998314;1,7159695775197106
0,5499999999998314;1,7332113307288748
0,5599999999998314;1,7506259831463715
0,5699999999998314;1,768215243797202
0,5799999999998314;1,7859808373063657
0,5899999999998314;1,803924503998863
0,5999999999998314;1,8220479999996928
0,6099999999998315;1,8403530973338569
0,6199999999998315;1,8588415840263535
0,6299999999998315;1,877515264202184
0,6399999999998315;1,896375958186347
0,6499999999998315;1,9154255026038443
0,6599999999998315;1,9347805476324738
0,6699999999998315;1,9542242079807388
0,6799999999998315;1,973863167254423
0,6899999999998315;1,9936993795447768
0,6999999999998315;2,013734818055216
0,7099999999998315;2,0339714752698255
0,7199999999998316;2,054411363122854
0,7299999999998316;2,0750565131692182
0,7399999999998316;2,0959089767560024
0,7499999999998316;2,116970825194956
0,7599999999998316;2,138244149935995
0,7699999999998316;2,159731062741704
0,7799999999998316;2,181433695862833
0,7899999999998316;2,2033542022147974
0,7999999999998316;2,225494755555181
0,8099999999998316;2,2478575506622342
0,8199999999998316;2,270444803514373
0,8299999999998317;2,2932587514706824
0,8399999999998317;2,31630165345241
0,8499999999998317;2,339575790125475
0,8599999999998317;2,363083464083958
0,8699999999998317;2,386827000034611
0,8799999999998317;2,41080874498235
0,8899999999998317;2,4350310684167584
0,8999999999998317;2,4594963624995856
0,9099999999998317;2,4842070422532503
0,9199999999998317;2,5091655457503332
0,9299999999998317;2,5343743343040868
0,9399999999998317;2,5598358926599243
0,9499999999998318;2,585691288175253
0,9599999999998318;2,611676472798207
0,9699999999998318;2,6379227035826287
0,9799999999998318;2,6644325970759195
0,9899999999998318;2,691208795751435
0,9999999999998318;2,7182539682535105
1,0099999999998317;2,745570809644482
1,0199999999998317;2,7731620416536797
1,0299999999998317;2,801030412928443
1,0399999999998317;2,8291786992871244
1,0499999999998317;2,8576097039741284
1,0599999999998317;2,8863262579169713
1,0699999999998318;2,915331219985387
1,0799999999998318;2,944627477252478
1,0899999999998318;2,974217945257933
1,0999999999998318;3,004105568273304
1,1099999999998318;3,0342933195693758
1,1199999999998318;3,064784201685614
1,1299999999998318;3,0955812467017236
1,1399999999998318;3,1266875165113075
1,1499999999998318;3,1581061030976523
1,1599999999998318;3,189840128811642
1,1699999999998318;3,2218927466518106
1,1799999999998319;3,254267140546543
1,1899999999998319;3,286966525638445
1,1999999999998319;3,3199941485708706
1,2099999999998319;3,3533532877766348
1,2199999999998319;3,3870472537689214
1,229999999999832;3,421079389434385
1,239999999999832;3,455453070328462
1,249999999999832;3,490171704972907
1,259999999999832;3,5253962943811183
1,269999999999832;3,5608254815553315
1,279999999999832;3,5966106317023745
1,289999999999832;3,6327553163118944
1,299999999999832;3,669263142479791
1,309999999999832;3,7061377532546422
1,319999999999832;3,7433828279872645
1,329999999999832;3,7810020826833974
1,339999999999832;3,818999270359578
1,349999999999832;3,857378181402193
1,359999999999832;3,8961426439297497
1,369999999999832;3,9352965241583857
1,379999999999832;3,974843726770637
1,389999999999832;4,014788195287494
1,399999999999832;4,055133912443764
1,409999999999832;4,095884900566765
1,419999999999832;4,137045221958378
1,429999999999832;4,178618979280485
1,439999999999832;4,220610315943789
1,449999999999832;4,26302341650009
1,459999999999832;4,305862507038003
1,469999999999832;4,3491318555821366
1,4799999999998321;4,392835772495805
1,4899999999998321;4,436978610887231
1,4999999999998321;4,4815647670193375
1,5099999999998321;4,526598680723065
1,5199999999998322;4,572084835814349
1,5299999999998322;4,618027760514659
1,5399999999998322;4,6644320278752485
1,5499999999998322;4,711302256205033
1,5599999999998322;4,758643109502191
1,5699999999998322;4,806459297889489
1,5799999999998322;4,854755578053352
1,5899999999998322;4,903715736399394
1,5999999999998322;4,95299704839141
1,6099999999998322;5,002773538731619
1,6199999999998322;5,053050178573229
1,6299999999998322;5,103831988787214
1,6399999999998323;5,155124040452801
1,6499999999998323;5,20693145535256
1,6599999999998323;5,259259406472218
1,6699999999998323;5,31211311850515
1,6799999999998323;5,365497868361653
1,6899999999998323;5,419418985683032
1,6999999999998323;5,473881853360489
1,7099999999998323;5,528891908058931
1,7199999999998323;5,58445464074568
1,7299999999998323;5,640575597224159
1,7399999999998323;5,697260378672565
1,7499999999998324;5,754514642187615
1,7599999999998324;5,812344101333354
1,7699999999998324;5,87075452669512
1,7799999999998324;5,92975174643867
1,7899999999998324;5,98934164687452
1,7999999999998324;6,0495301730275575
1,8099999999998324;6,11032332921195
1,8199999999998324;6,1717271796114
1,8299999999998324;6,233747848864806
1,8399999999998324;6,296391522657335
1,8499999999998324;6,359664448317008
1,8599999999998325;6,423572935416777
1,8699999999998325;6,488123356382206
1,8799999999998325;6,553322147104734
1,8899999999998325;6,619175807560642
1,8999999999998325;6,685690902435688
1,9099999999998325;6,75287406175552
1,9199999999998325;6,820731981521886
1,9299999999998325;6,8894690348729695
1,9399999999998325;6,958707311604323
1,9499999999998325;7,028641336770677
1,9599999999998325;7,0992780976541185
1,9699999999998326;7,170624651546264
1,9799999999998326;7,242688126444078
1,9899999999998326;7,3154757217524295
1,9999999999998326;7,3889947089934696
2,0099999999998324;7,463252432522891
2,019999999999832;7,538256310253101
2,029999999999832;7,614013834383421
2,0399999999998317;7,690532572137329
2,0499999999998315;7,767820166506856
2,0599999999998313;7,845884337004133
2,069999999999831;7,924732880420236
2,079999999999831;8,004373671591338
2,0899999999998307;8,084814664172253
2,0999999999998304;8,166063891417412
2,1099999999998302;8,248129466969415
2,11999999999983;8,331019585655122
2,12999999999983;8,414742524289432
2,1399999999998296;8,499306642486765
2,1499999999998294;8,584720383480384
2,159999999999829;8,670992274949532
2,169999999999829;8,758130929854548
2,1799999999998287;8,846145047279967
2,1899999999998285;8,935043413285696
2,1999999999998283;9,024834901766381
2,209999999999828;9,115528475318932
2,219999999999828;9,207133186118414
2,2299999999998277;9,299658176802263
2,2399999999998275;9,393112681362961
2,2499999999998272;9,487506026049235
2,259999999999827;9,582847630275847
2,269999999999827;9,679353606778015
2,2799999999998266;9,77663060046743
2,2899999999998264;9,874885139047787
2,299999999999826;9,974127042304788
2,309999999999826;10,074366228526097
2,3199999999998258;10,175612715484588
2,3299999999998255;10,277876621431314
2,3399999999998253;10,381168166098206
2,349999999999825;10,485497671710664
2,359999999999825;10,590875564010073
2,3699999999998247;10,69731237328638
2,3799999999998245;10,804818735420833
2,3899999999998243;10,913405392938909
2,399999999999824;11,023083196073618
2,409999999999824;11,133863103839229
2,4199999999998236;11,245756185115537
2,4299999999998234;11,358773619742722
2,439999999999823;11,472926699626987
2,449999999999823;11,588226829856993
2,4599999999998228;11,704685529831249
2,4699999999998226;11,822314434396512
2,4799999999998223;11,94112529499737
2,489999999999822;12,061129980836998
2,499999999999822;12,182340480049366
2,5099999999998217;12,304768900882774
2,5199999999998215;12,428427472895079
2,5299999999998213;12,553328548160492
2,539999999999821;12,679484602488218
2,549999999999821;12,806908236652944
2,5599999999998206;12,935612177637374
2,5699999999998204;13,065609279886818
2,57999999999982;13,196912526576055
2,58999999999982;13,329535030888524
2,59999999999982;13,463490037307936
2,6099999999998196;13,598790922922516
2,6199999999998194;13,73566961176582
2,629999999999819;13,87371314039572
2,639999999999819;14,013143924702089
2,6499999999998187;14,153975902366609
2,6599999999998185;14,29622315097446
2,6699999999998183;14,439899889414384
2,679999999999818;14,585020479292641
2,689999999999818;14,731599426361035
2,6999999999998177;14,879651381959043
2,7099999999998174;15,029191144470246
2,7199999999998172;15,180233660793261
2,729999999999817;15,33279402782713
2,739999999999817;15,48688749397155
2,7499999999998166;15,642529460641853
2,7599999999998164;15,799735483799068
2,769999999999816;15,958521275495077
2,779999999999816;16,118902705433086
2,7899999999998157;16,280895802543522
2,7999999999998155;16,444516756575542
2,8099999999998153;16,60978191970426
2,819999999999815;16,776707808153862
2,829999999999815;16,945311103836776
2,8399999999998147;17,115608656009055
2,8499999999998145;17,287617482942075
2,8599999999998142;17,46135477361077
2,869999999999814;17,63683788939854
2,879999999999814;17,814084365818946
2,8899999999998136;17,9931119142545
2,8999999999998134;18,173938423712485
2,909999999999813;18,35658196259815
2,919999999999813;18,541060780505422
2,9299999999998128;18,727393310025224
2,9399999999998125;18,915598168571595
2,9499999999998123;19,10569416022593
2,959999999999812;19,29770027759917
2,969999999999812;19,491635703712532
2,9799999999998117;19,68775452363897
2,9899999999998115;19,88561733518003
2,9999999999998113;20,08546859390231
3,009999999999811;20,28732827965256
3,019999999999811;20,491216572914837
3,0299999999998106;20,69715385682131
3,0399999999998104;20,905160719183225
3,04999999999981;21,115257954542095
3,05999999999981;21,327466566241366
3,0699999999998098;21,541807768518588
3,0799999999998096;21,75830298861857
3,0899999999998093;21,976973868927548
3,099999999999809;22,197842269128508
3,109999999999809;22,42093026837814
3,1199999999998087;22,646260167505275
3,1299999999998085;22,87385449123137
3,1399999999998083;23,10373599041297
3,149999999999808;23,33592764430656
3,159999999999808;23,57045266285589
3,1699999999998076;23,807334489002127
3,1799999999998074;24,046596801016882
3,189999999999807;24,288263514858546
3,199999999999807;24,532358786551963
3,209999999999807;24,77890701459183
3,2199999999998066;25,027932842369907
3,2299999999998064;25,279461160626425
3,239999999999806;25,53351710992581
3,249999999999806;25,790126083156974
3,2599999999998057;26,049313728058518
3,2699999999998055;26,311105949768955
3,2799999999998053;26,57552891340218
3,289999999999805;26,842609046648725
3,299999999999805;27,112373042402584
3,3099999999998047;27,38484786141425
3,3199999999998044;27,66006073497004
3,3299999999998042;27,938039167598003
3,339999999999804;28,2190575676883
3,349999999999804;28,50266128001027
3,3599999999998036;28,789115149004886
3,3699999999998034;29,078447814955197
3,379999999999803;29,370688205828696
3,389999999999803;29,66586554016348
3,3999999999998027;29,964009329983167
3,4099999999998025;30,265149383741058
3,4199999999998023;30,569315809293645
3,429999999999802;30,87653901690385
3,439999999999802;31,186849722274303
3,4499999999998017;31,500278949610934
3,4599999999998015;31,816858034717033
3,4699999999998012;32,13661862811851
3,479999999999801;32,45959269822007
3,489999999999801;32,78581253449306
3,4999999999998006;33,11531075069513
3,5099999999998004;33,44812028812213
3,5199999999998;33,78427441889218
3,5299999999998;34,123806749263025
3,5399999999997998;34,466751222982005
3,5499999999997995;34,81314212466971
3,5599999999997993;35,16301408323747
3,569999999999799;35,51640207533874
3,579999999999799;35,87334142885512
3,5899999999997987;36,233867826417
3,5999999999997985;36,59801730895946
3,6099999999997983;36,965826279313525
3,619999999999798;37,33733150583336
3,629999999999798;37,71257012605952
3,6399999999997976;38,09157965041878
3,6499999999997974;38,474397965960854
3,659999999999797;38,86106334013237
3,669999999999797;39,251614424588475
3,6799999999997968;39,64609025904239
3,6899999999997966;40,04453027515331
3,6999999999997963;40,447229292273825
3,709999999999796;40,85372808952285
3,719999999999796;41,26431215970062
3,7299999999997957;41,67902255633887
3,7399999999997955;42,09790074541666
3,7499999999997953;42,52098860950096
3,759999999999795;42,94832845192833
3,769999999999795;43,379963001028734
3,7799999999997946;43,81593541439134
3,7899999999997944;44,25628928317339
3,799999999999794;44,701068636451886
3,809999999999794;45,15031794561923
3,819999999999794;45,604082128822405
3,8299999999997936;46,062406555447
3,8399999999997934;46,52533705064588
3,849999999999793;46,99291989991325
3,859999999999793;47,465201853704635
3,8699999999997927;47,942230132102885
3,8799999999997925;48,424052429530946
3,8899999999997923;48,91071691951193
3,899999999999792;49,40227225947657
3,909999999999792;49,898767595619
3,9199999999997917;50,40025256780103
3,9299999999997914;50,90677731450543
3,9399999999997912;51,41839247783882
3,949999999999791;51,935149208584626
3,959999999999791;52,4570991713066
3,9699999999997906;52,98429454950313
3,9799999999997904;53,51678805081357
3,98999999999979;54,054632912276105
3,99999999999979;54,59788290563864
4,00999999999979;55,14659234272242
4,01999999999979;55,700816080839544
4,02999999999979;56,26060952826455
4,0399999999997895;56,826028649760524
4,049999999999789;57,39712997216086
4,059999999999789;57,97423108353768
4,069999999999789;58,556879122360364
4,079999999999789;59,145382764265676
4,0899999999997885;59,739800855028825
4,099999999999788;60,340192831694644
4,109999999999788;60,946618728515645
4,119999999999788;61,559139182949245
4,129999999999788;62,17781544171533
4,139999999999787;62,8027093669144
4,149999999999787;63,43388344220734
4,159999999999787;64,07140077905677
4,169999999999787;64,71532512303126
4,1799999999997866;65,36572086017263
4,189999999999786;66,02265302342714
4,199999999999786;66,68618729914094
4,209999999999786;67,35639003362104
4,219999999999786;68,03332823976156
4,2299999999997855;68,71706960373675
4,239999999999785;69,40768249176098
4,249999999999785;70,1052359569164
4,259999999999785;70,8097997460492
4,269999999999785;71,52144430673462
4,279999999999784;72,2402407943124
4,289999999999784;72,96626107899193
4,299999999999784;73,69957775302927
4,309999999999784;74,44026413797569
4,319999999999784;75,18839429199889
4,329999999999783;75,94404301727772
4,339999999999783;76,7072858674708
4,349999999999783;77,47819915526014
4,359999999999783;78,25685995997
4,3699999999997825;79,0433461352625
4,379999999999782;79,83773631690984
4,389999999999782;80,64010993064493
4,399999999999782;81,4505472000899
4,409999999999782;82,26912915476481
4,419999999999781;83,09620133813574
4,429999999999781;83,93132934391534
4,439999999999781;84,77485041999708
4,449999999999781;85,62684891425732
4,459999999999781;86,48741002214909
4,46999999999978;87,35661979521643
4,47999999999978;88,23456514969362
4,48999999999978;89,12133387519106
4,49999999999978;90,01701464346807
4,5099999999997795;90,92169701729406
4,519999999999779;91,83547145939805
4,529999999999779;92,75842934150879
4,539999999999779;93,6906629534847
4,549999999999779;94,63226551253594
4,5599999999997785;95,58333117253916
4,569999999999778;96,5439550334452
4,579999999999778;97,51423315078152
4,589999999999778;98,49426254524985
4,599999999999778;99,48414121242014
4,609999999999777;100,48396813252182
4,619999999999777;101,49384328033312
4,629999999999777;102,51386763516983
4,639999999999777;103,54414319097387
4,6499999999997765;104,58477296650364
4,659999999999776;105,63586101562596
4,669999999999776;106,69751243771157
4,679999999999776;107,7698333881351
4,689999999999776;108,85293108887971
4,6999999999997755;109,94691383924864
4,709999999999775;111,05189102668402
4,719999999999775;112,16797313769419
4,729999999999775;113,29527176889033
4,739999999999775;114,43389963813428
4,749999999999774;115,58397059579787
4,759999999999774;116,74559963613456
4,769999999999774;117,91890290876648
4,779999999999774;119,10399773028539
4,7899999999997736;120,30127782752353
4,799999999999773;121,51032295150095
4,809999999999773;122,73151907328177
4,819999999999773;123,96498830854529
4,829999999999773;125,21085400012271
4,8399999999997725;126,46924073032598
4,849999999999772;127,74027433340044
4,859999999999772;129,02408190810257
4,869999999999772;130,32079183040415
4,879999999999772;131,6305337663237
4,889999999999771;132,9534386848868
4,899999999999771;134,2896388712167
4,909999999999771;135,63926793975648
4,919999999999771;137,00246084762284
4,929999999999771;138,37935390809614
4,93999999999977;139,7700848042434
4,94999999999977;141,17479260267962
4,95999999999977;142,59361776746695
4,96999999999977;144,02670217415312
4,9799999999997695;145,4741891239506
4,989999999999769;146,93622335805907
4,999999999999769;148,41295107213008
5,009999999999769;149,90451993087868
5,019999999999769;151,41107908284027
5,029999999999768;152,93277917527604
5,039999999999768;154,46977236922876
5,049999999999768;156,02221235472817
5,059999999999768;157,59025436615
5,069999999999768;159,1740551977294
5,079999999999767;160,7737732192291
5,089999999999767;162,38956839176552
5,099999999999767;164,0216022837931
5,109999999999767;165,67003808725025
5,1199999999997665;167,33504063386542
5,129999999999766;169,01677641162846
5,139999999999766;170,71541358142684
5,149999999999766;172,4313969368882
5,159999999999766;174,16435847195248
5,1699999999997654;175,91473645442093
5,179999999999765;177,68270591875574
5,189999999999765;179,4684436584199
5,199999999999765;181,27212824355075
5,209999999999765;183,0939400388126
5,219999999999764;184,93406122142713
5,229999999999764;186,79267579938622
5,239999999999764;188,66996962984678
5,249999999999764;190,56613043771048
5,2599999999997635;192,48134783439065
5,269999999999763;194,4158133367668
5,279999999999763;196,36972038633007
5,289999999999763;198,34326436852132
5,299999999999763;200,33664263226183
5,3099999999997625;202,35005450968222
5,319999999999762;204,38370133604806
5,329999999999762;206,4377864698859
5,339999999999762;208,5125153133119
5,349999999999762;210,60809533256392
5,359999999999761;212,72473607873997
5,369999999999761;214,86264920874544
5,379999999999761;217,02204850644992
5,389999999999761;219,20314990405691
5,3999999999997605;221,406171503688
5,40999999999976;223,6313335991837
5,41999999999976;225,87885869812322
5,42999999999976;228,14897154406555
5,43999999999976;230,44189913901369
5,4499999999997595;232,757870766104
5,459999999999759;235,09711801252422
5,469999999999759;237,4598747926611
5,479999999999759;239,84637737148
5,489999999999759;242,25686438814054
5,499999999999758;244,6915768798476
5,509999999999758;247,15075830594338
5,519999999999758;249,63493814005565
5,529999999999758;252,1438080763668
5,539999999999758;254,67789246785344
5,549999999999757;257,2374447202703
5,559999999999757;259,82272078601966
5,569999999999757;262,4339791897404
5,579999999999757;265,0714810541569
5,5899999999997565;267,7354901261849
5,599999999999756;270,4262728033016
5,609999999999756;273,1440981601796
5,619999999999756;275,8892379755893
5,629999999999756;278,66196675956996
5,639999999999755;281,46256178087606
5,649999999999755;284,2913030946965
5,659999999999755;287,14847357065486
5,669999999999755;290,03435892108996
5,679999999999755;292,9492477296195
5,689999999999754;295,8934314799917
5,699999999999754;298,86720458522734
5,709999999999754;301,87086441705253
5,719999999999754;304,9047113356296
5,7299999999997535;307,96904871958355
5,739999999999753;311,06418299633435
5,749999999999753;314,19042367272925
5,759999999999753;317,34808336598593
5,769999999999753;320,537477834945
5,7799999999997524;323,758926011638
5,789999999999752;327,01275003317
5,799999999999752;330,29927527392437
5,809999999999752;333,6188303780905
5,819999999999752;336,9717472925179
5,829999999999751;340,35836129990054
5,839999999999751;343,7790110522947
5,849999999999751;347,23403860497285
5,859999999999751;350,7237894506179
5,8699999999997505;354,2486125538612
5,87999999999975;357,8091413044044
5,88999999999975;361,4051800845747
5,89999999999975;365,0373595510033
5,90999999999975;368,70604292002565
5,9199999999997495;372,41159705824435
5,929999999999749;376,15439251921066
5,939999999999749;379,9348035804759
5,949999999999749;383,7532082810151
5,959999999999749;387,60998845902355
5,969999999999748;391,50552979009825
5,979999999999748;395,44022182579863
5,989999999999748;399,41445803259654
5,999999999999748;403,42863583121806
6,0099999999997475;407,48315663637834
6,019999999999747;411,5784258969189
6,029999999999747;415,7148531363449
6,039999999999747;419,89285199377224
6,049999999999747;424,112840265285
6,0599999999997465;428,375239945707
6,069999999999746;432,6804772707961
6,079999999999746;437,02898275986
6,089999999999746;441,4211912588012
6,099999999999746;445,8575419835924
6,109999999999745;450,33847856419385
6,119999999999745;454,864449088905
6,129999999999745;459,4359061491662
6,139999999999745;464,05330688481087
6,149999999999745;468,71711302976894
6,159999999999744;473,4277909582314
6,169999999999744;478,18581173128047
6,179999999999744;482,9916511439837
6,189999999999744;487,8457897729652
6,1999999999997435;492,7487130244539
6,209999999999743;497,70091118281164
6,219999999999743;502,7028794595529
6,229999999999743;507,75511804285486
6,239999999999743;512,8581321475643
6,249999999999742;518,0127195365413
6,259999999999742;523,2188309791413
6,269999999999742;528,4772646064224
6,279999999999742;533,7885462614967
6,289999999999742;539,1532070721734
6,299999999999741;544,5717835040634
6,309999999999741;550,0448174142238
6,319999999999741;555,572856105338
6,329999999999741;561,1564523804427
6,3399999999997405;566,7961645982015
6,34999999999974;572,492556728737
6,35999999999974;578,2461984100215
6,36999999999974;584,0576650048371
6,37999999999974;589,927537658305
6,389999999999739;595,8564033559965
6,399999999999739;601,8448549826221
6,409999999999739;607,8934913813177
6,419999999999739;614,0029174135204
6,429999999999739;620,173744019449
6,439999999999738;626,4065882791926
6,449999999999738;632,7020734744092
6,459999999999738;639,0608291506486
6,469999999999738;645,4834911803015
6,4799999999997375;651,9707018261752
6,489999999999737;658,5231098057154
6,499999999999737;665,1413703558696
6,509999999999737;671,8261452986015
6,519999999999737;678,5781031070666
6,5299999999997365;685,3979189724492
6,539999999999736;692,2862748714745
6,549999999999736;699,2438596345954
6,559999999999736;706,271369014868
6,569999999999736;713,3695057575153
6,579999999999735;720,538979670193
6,589999999999735;727,7805076939612
6,599999999999735;735,0948139749656
6,609999999999735;742,4826299368424
6,6199999999997345;749,9449876047338
6,629999999999734;757,4820570351923
6,639999999999734;765,0948751668919
6,649999999999734;772,7842032833686
6,659999999999734;780,5508103190688
6,6699999999997335;788,3954729362406
6,679999999999733;796,3189756025976
6,689999999999733;804,3221106697563
6,699999999999733;812,4056784524729
6,709999999999733;820,5704873086662
6,719999999999732;828,8173537202497
6,729999999999732;837,1471023747749
6,739999999999732;845,5605662478966
6,749999999999732;854,0585866866631
6,759999999999732;862,6420134936454
6,769999999999731;871,3117050119156
6,779999999999731;880,0685282108707
6,789999999999731;888,913358772926
6,799999999999731;897,8470811810806
6,8099999999997305;906,8705888073523
6,81999999999973;915,9847840021138
6,82999999999973;925,1905781843202
6,83999999999973;934,4888919326437
6,84999999999973;943,880655077522
6,859999999999729;953,3668067941402
6,869999999999729;962,9482956963351
6,879999999999729;972,6260799314496
6,889999999999729;982,4011272761443
6,899999999999729;992,2744152331613
6,909999999999728;1002,2469311290682
6,919999999999728;1012,3196722129834
6,929999999999728;1022,4936457562914
6,939999999999728;1032,7698691533594
6,9499999999997275;1043,1493700232693
6,959999999999727;1053,6331863125677
6,969999999999727;1064,2223663990533
6,979999999999727;1074,9179691966012
6,989999999999727;1085,7213626251348
6,999999999999726;1096,6330406757984
7,009999999999726;1107,6543828076365
7,019999999999726;1118,7864911594347
7,029999999999726;1130,0304789465463
7,039999999999726;1141,3874705722087
7,049999999999725;1152,8586017399793
7,059999999999725;1164,4450195673
7,069999999999725;1176,1478827002102
7,079999999999725;1187,9683614292017
7,0899999999997245;1199,9076378062466
7,099999999999724;1211,9669057629983
7,109999999999724;1224,1473712301774
7,119999999999724;1236,450252258163
7,129999999999724;1248,8767791387918
7,1399999999997235;1261,4281945283806
7,149999999999723;1274,1057535719888
7,159999999999723;1286,910724028928
7,169999999999723;1299,8443863995285
7,179999999999723;1312,9080340531893
7,189999999999722;1326,1029733577034
7,199999999999722;1339,4305238098932
7,209999999999722;1352,892018167551
7,219999999999722;1366,4888025827086
7,2299999999997215;1380,2222367362453
7,239999999999721;1394,0936939738533
7,249999999999721;1408,10456144336
7,259999999999721;1422,2562402334345
7,269999999999721;1436,5501455136966
7,2799999999997205;1450,987706676216
7,28999999999972;1465,5703674784527
7,29999999999972;1480,2995861876161
7,30999999999972;1495,1768357264893
7,31999999999972;1510,2036038207102
7,329999999999719;1525,3813931475338
7,339999999999719;1540,711721486092
7,349999999999719;1556,1961218691633
7,359999999999719;1571,8364456367433
7,3699999999997186;1587,6336614479987
7,379999999999718;1603,589641810786
7,389999999999718;1619,7059823318432
7,399999999999718;1635,9842946539077
7,409999999999718;1652,4262066168837
7,4199999999997175;1669,0333624206137
7,429999999999717;1685,8074227893078
7,439999999999717;1702,750065137603
7,449999999999717;1719,8629837383035
7,459999999999717;1737,1478898918044
7,469999999999716;1754,6065120972194
7,479999999999716;1772,2405962252237
7,489999999999716;1790,0519056926407
7,499999999999716;1808,0422216387744
7,509999999999716;1826,2133431035236
7,519999999999715;1844,567087207277
7,529999999999715;1863,1052893326246
7,539999999999715;1881,8298033078881
7,549999999999715;1900,742501592501
7,5599999999997145;1919,8452754642444
7,569999999999714;1939,1400352083745
7,579999999999714;1958,6287103086443
7,589999999999714;1978,3132496402436
7,599999999999714;1998,1956216646802
7,609999999999713;2018,2778146266273
7,619999999999713;2038,5618367527313
7,629999999999713;2059,049716452433
7,639999999999713;2079,743502520802
7,649999999999713;2100,645264343406
7,659999999999712;2121,7570921032434
7,669999999999712;2143,081096989759
7,679999999999712;2164,6194114099453
7,689999999999712;2186,374189201581
7,6999999999997115;2208,3476058486094
7,709999999999711;2230,541858698669
7,719999999999711;2252,9591671828293
7,729999999999711;2275,602079973509
7,739999999999711;2298,4722579572094
7,7499999999997105;2321,572284943719
7,75999999999971;2344,9044709504083
7,76999999999971;2368,4711492105907
7,77999999999971;2392,2746764068534
7,78999999999971;2416,3174329067206
7,799999999999709;2440,601823000685
7,809999999999709;2465,1302751426388
7,819999999999709;2489,905242192714
7,829999999999709;2514,9292016625604
7,8399999999997085;2540,2046559630994
7,849999999999708;2565,7341326547617
7,859999999999708;2591,520184700241
7,869999999999708;2617,565390719777
7,879999999999708;2643,8723552490264
7,8899999999997075;2670,4437089995067
7,899999999999707;2697,282109121658
7,909999999999707;2724,3902394705674
7,919999999999707;2751,770810874337
7,929999999999707;2779,426561405167
7,939999999999706;2807,360256653164
7,949999999999706;2835,574690002882
7,959999999999706;2864,0726829126706
7,969999999999706;2892,8570851968025
7,9799999999997056;2921,9307753104617
7,989999999999705;2951,2966606375703
7,999999999999705;2980,9576777815355
8,009999999999705;3010,916792858889
8,019999999999705;3041,177001795905
8,029999999999704;3071,741330628179
8,039999999999704;3102,612835803229
8,049999999999704;3133,7946044861237
8,059999999999704;3165,2897548682095
8,069999999999704;3197,1014364789075
8,079999999999703;3229,2328305006577
8,089999999999703;3261,6874504368066
8,099999999999703;3294,4679512206353
8,109999999999703;3327,5779014104055
8,119999999999703;3361,020612024304
8,129999999999702;3394,799427356691
8,139999999999702;3428,917725312541
8,149999999999702;3463,378917745223
8,159999999999702;3498,1864507976848
8,169999999999702;3533,343805247065
8,179999999999701;3568,854496852779
8,189999999999701;3604,7220767080776
8,1999999999997;3640,950131595161
8,2099999999997;3677,5422843438637
8,2199999999997;3714,5021941939217
8,2299999999997;3751,833557160893
8,2399999999997;3789,5401064057746
8,2499999999997;3827,6256126083003
8,2599999999997;3866,093884344003
8,2699999999997;3904,948768465086
8,2799999999997;3944,1941504850865
8,289999999999699;3983,8339549674365
8,299999999999699;4023,8721459179155
8,309999999999699;4064,312727181032
8,319999999999698;4105,15974284043
8,329999999999698;4146,417277623267
8,339999999999698;4188,089457308705
8,349999999999698;4230,180449140463
8,359999999999697;4272,694462243559
8,369999999999697;4315,635748045201
8,379999999999697;4359,008600699931
8,389999999999697;4402,817357519034
8,399999999999697;4447,066399404272
8,409999999999696;4491,7601512859555
8,419999999999696;4536,903082565434
8,429999999999696;4582,499707562041
8,439999999999696;4628,554585964511
8,449999999999696;4675,072323286942
8,459999999999695;4722,057874878716
8,469999999999695;4769,515342400695
8,479999999999695;4817,4497652964155
8,489999999999695;4865,865937043696
8,499999999999694;4914,76869929551
8,509999999999694;4964,162942364143
8,519999999999694;5014,053605710227
8,529999999999694;5064,4456784366685
8,539999999999694;5115,344199787601
8,549999999999693;5166,754259652251
8,559999999999693;5218,680999073981
8,569999999999693;5271,1296107643575
8,579999999999693;5324,105339622435
8,589999999999693;5377,613483259246
8,599999999999692;5431,65939252756
8,609999999999692;5486,248472056951
8,619999999999692;5541,386180794293
8,629999999999692;5597,078032549624
8,639999999999691;5653,32959654754
8,649999999999691;5710,146497984107
8,659999999999691;5767,534418589388
8,66999999999969;5825,499097195609
8,67999999999969;5884,04633031104
8,68999999999969;5943,181972699645
8,69999999999969;6002,911937966561
8,70999999999969;6063,2421991494375
8,71999999999969;6124,178789315769
8,72999999999969;6185,727802166169
8,73999999999969;6247,895392643749
8,74999999999969;6310,687777549621
8,759999999999689;6374,111236164551
8,769999999999689;6438,172110876896
8,779999999999688;6502,8768078168505
8,789999999999688;6568,231797497037
8,799999999999688;6634,243615459556
8,809999999999688;6700,918862929553
8,819999999999688;6768,26420747531
8,829999999999687;6836,286690098172
8,839999999999687;6904,992510438307
8,849999999999687;6974,388835648105
8,859999999999687;7044,482605413527
8,869999999999687;7115,280829165426
8,879999999999686;7186,790586780504
8,889999999999686;7259,019029289288
8,899999999999686;7331,973379591244
8,909999999999686;7405,660933177087
8,919999999999686;7480,089058858272
8,929999999999685;7555,2651995039605
8,939999999999685;7631,196872785238
8,949999999999685;7707,891671926914
8,959999999999685;7785,357266466854
8,969999999999684;7863,601403022894
8,979999999999684;7942,631906067555
8,989999999999684;8022,456678710462
8,999999999999684;8103,083703488647
9,009999999999684;8184,521043164827
9,019999999999683;8266,776841533681
9,029999999999683;8349,859324236193
9,039999999999683;8433,77679958226
9,049999999999683;8518,537659381509
9,059999999999683;8604,150379782466
9,069999999999682;8690,623522120179
9,079999999999682;8777,965733772366
9,089999999999682;8866,185749024125
9,099999999999682;8955,292389941374
9,109999999999681;9045,294567253079
9,119999999999681;9136,201281242287
9,129999999999681;9228,021622646163
9,13999999999968;9320,764773565114
9,14999999999968;9414,440008380912
9,15999999999968;9509,056694684205
9,16999999999968;9604,624294211219
9,17999999999968;9701,152363789972
9,18999999999968;9798,650556295943
9,19999999999968;9897,12893062891
9,20999999999968;9996,596726878586
9,21999999999968;10097,064190995532
9,229999999999679;10198,54136980553
9,239999999999679;10301,038411106498
9,249999999999678;10404,56556468331
9,259999999999678;10509,13318333281
9,269999999999678;10614,751723899044
9,279999999999678;10721,431748318972
9,289999999999678;10829,183924678693
9,299999999999677;10938,019028280201
9,309999999999677;11047,947942718947
9,319999999999677;11158,981660972238
9,329999999999677;11271,131286498476
9,339999999999677;11384,408034347545
9,349999999999676;11498,823232282319
9,359999999999676;11614,388321911421
9,369999999999676;11731,114859833417
9,379999999999676;11849,014518792448
9,389999999999675;11968,099088845558
9,399999999999675;12088,380478541627
9,409999999999675;12209,870716112298
9,419999999999675;12332,581950674781
9,429999999999675;12456,52645344674
9,439999999999674;12581,716618973478
9,449999999999674;12708,164966367345
9,459999999999674;12835,884140559641
9,469999999999674;12964,886913565177
9,479999999999674;13095,186185759416
9,489999999999673;13226,794987168565
9,499999999999673;13359,726478772509
9,509999999999673;13493,993953820996
9,519999999999673;13629,61083916291
9,529999999999673;13766,59069658897
9,539999999999672;13904,947224187908
9,549999999999672;14044,694257716283
9,559999999999672;14185,845771982094
9,569999999999672;14328,416193591771
9,579999999999671;14472,419167208622
9,589999999999671;14617,869394666346
9,599999999999671;14764,781421104528
9,60999999999967;14913,16993784375
9,61999999999967;15063,049783854689
9,62999999999967;15214,43594724207
9,63999999999967;15367,343566743448
9,64999999999967;15521,787933243133
9,65999999999967;15677,78449130122
9,66999999999967;15835,348840698096
9,67999999999967;15994,496737994483
9,689999999999669;16155,244098106958
9,699999999999669;16317,60699589959
9,709999999999669;16481,60166779137
9,719999999999668;16647,244513379854
9,729999999999668;16814,55209708116
9,739999999999668;16983,541149786422
9,749999999999668;17154,228570534855
9,759999999999668;17326,631428203687
9,769999999999667;17500,766963215065
9,779999999999667;17676,652589260073
9,789999999999667;17854,30589504013
9,799999999999667;18033,744646025883
9,809999999999667;18214,98678623373
9,819999999999666;18398,050440020234
9,829999999999666;18582,953913894606
9,839999999999666;18769,715698349333
9,849999999999666;18958,354469709207
9,859999999999665;19148,88909199902
9,869999999999665;19341,338618829945
9,879999999999665;19535,722295304895
9,889999999999665;19732,059559943078
9,899999999999665;19930,370046623804
9,909999999999664;20130,673586549954
9,919999999999664;20332,990210231
9,929999999999664;20537,340149486186
9,939999999999664;20743,744152935116
9,949999999999664;20952,222244421788
9,959999999999663;21162,795575456665
9,969999999999663;21375,485203543947
9,979999999999663;21590,312397819216
9,989999999999663;21807,298641176305
9,999999999999662;22026,465632415595
