0;-âˆž
0,01;-4,629810072965043
0,02;-3,924868449654763
0,03;-3,5000262915278717
0,04;-3,2256205011896535
0,05;-2,9871963744071786
0,060000000000000005;-2,8099366625453057
0,07;-2,666288670331574
0,08;-2,5292213326569013
0,09;-2,4098025368339955
0,09999999999999999;-2,2979968239917703
0,10999999999999999;-2,204471215231314
0,11999999999999998;-2,11849834384741
0,12999999999999998;-2,039080077996409
0,13999999999999999;-1,969703474661905
0,15;-1,8995862609163858
0,16;-1,8343076239430407
0,17;-1,773184860898993
0,18000000000000002;-1,7156846717781782
0,19000000000000003;-1,661378918536389
0,20000000000000004;-1,6071177645672141
0,21000000000000005;-1,558875468363069
0,22000000000000006;-1,5127628345488637
0,23000000000000007;-1,4686171983258747
0,24000000000000007;-1,426289368474593
0,25000000000000006;-1,3856442630747143
0,26000000000000006;-1,346559543681359
0,2700000000000001;-1,3089244909302604
0,2800000000000001;-1,2726387908271848
0,2900000000000001;-1,239276036863915
0,3000000000000001;-1,2051199284754954
0,3100000000000001;-1,1721257694308111
0,3200000000000001;-1,140212206983272
0,3300000000000001;-1,1093068982007552
0,34000000000000014;-1,0793451006219796
0,35000000000000014;-1,0502685689618199
0,36000000000000015;-1,0220246343692883
0,37000000000000016;-0,994565450003021
0,38000000000000017;-0,9678474361683732
0,3900000000000002;-0,9418306651628305
0,4000000000000002;-0,9152340339041012
0,4100000000000002;-0,8906901272250366
0,4200000000000002;-0,8667188489946218
0,4300000000000002;-0,8432958210715206
0,4400000000000002;-0,8203979691491817
0,45000000000000023;-0,7980034648782885
0,46000000000000024;-0,776091664449993
0,47000000000000025;-0,7546450032031546
0,48000000000000026;-0,7336406718936647
0,49000000000000027;-0,7130636916280717
0,5000000000000002;-0,6928975140942232
0,5100000000000002;-0,6731264780487755
0,5200000000000002;-0,6537357540844698
0,5300000000000002;-0,6347112925916946
0,5400000000000003;-0,6160389208508033
0,5500000000000003;-0,597707886316013
0,5600000000000003;-0,580526011254937
0,5700000000000003;-0,5627479528806983
0,5800000000000003;-0,5452869489724338
0,5900000000000003;-0,5281313207257218
0,6000000000000003;-0,511270074286779
0,6100000000000003;-0,4946928436323913
0,6200000000000003;-0,4783898396584589
0,6300000000000003;-0,46235180465990655
0,6400000000000003;-0,4465699529079344
0,6500000000000004;-0,4310360122170429
0,6600000000000004;-0,41574206676439857
0,6700000000000004;-0,40068061499714075
0,6800000000000004;-0,38584451897064265
0,6900000000000004;-0,3712269796779717
0,7000000000000004;-0,35682151457293065
0,7100000000000004;-0,3426219370454892
0,7200000000000004;-0,3286223376395973
0,7300000000000004;-0,3148170668299726
0,7400000000000004;-0,30120071919726543
0,7500000000000004;-0,28776811886057646
0,7600000000000005;-0,27451430604317073
0,7700000000000005;-0,2614340735117138
0,7800000000000005;-0,24801542734383536
0,7900000000000005;-0,2353161150177963
0,8000000000000005;-0,2227733896472852
0,8100000000000005;-0,21038362128543384
0,8200000000000005;-0,19814329105311174
0,8300000000000005;-0,18604898781407841
0,8400000000000005;-0,17409740485032765
0,8500000000000005;-0,16228533655784272
0,8600000000000005;-0,15060967517917864
0,8700000000000006;-0,13906740758605718
0,8800000000000006;-0,12765561212244592
0,8900000000000006;-0,11637145551630604
0,9000000000000006;-0,10521218986626268
0,9100000000000006;-0,09417514970784507
0,9200000000000006;-0,08325774916258405
0,9300000000000006;-0,07245747917213904
0,9400000000000006;-0,06177190483300409
0,9500000000000006;-0,05119866274378537
0,9600000000000006;-0,040735458592848564
0,9700000000000006;-0,03038006467193054
0,9800000000000006;-0,020130317557762043
0,9900000000000007;-0,009984115859570666
1,0000000000000007;6,058212880196807E-05
1,0100000000000007;0,010005759780118828
1,0200000000000007;0,01985334531186032
1,0300000000000007;0,02960521290726534
1,0400000000000007;0,039263184796893405
1,0500000000000007;0,04882903305311075
1,0600000000000007;0,057969572420040257
1,0700000000000007;0,06738194333542824
1,0800000000000007;0,076705245214387
1,0900000000000007;0,08594122196776009
1,1000000000000008;0,09509393993928948
1,1100000000000008;0,10415997545754878
1,1200000000000008;0,11314363702985585
1,1300000000000008;0,12204645847775386
1,1400000000000008;0,1308699285178494
1,1500000000000008;0,139615492643522
1,1600000000000008;0,1482845549041145
1,1700000000000008;0,15687847958838008
1,1800000000000008;0,16539859281843605
1,1900000000000008;0,17384618406001515
1,2000000000000008;0,18222250755437172
1,2100000000000009;0,19052878367680878
1,2200000000000009;0,19876620022642746
1,2300000000000009;0,20693591365136818
1,2400000000000009;0,2150390502135046
1,2500000000000009;0,2230767070962731
1,260000000000001;0,23104995345905818
1,270000000000001;0,23895983144131008
1,280000000000001;0,246807357119362
1,290000000000001;0,2545935214187011
1,300000000000001;0,26231929098425677
1,310000000000001;0,26998560901111074
1,320000000000001;0,2775933960378553
1,330000000000001;0,28514355070469244
1,340000000000001;0,2926369504782147
1,350000000000001;0,3000744523446996
1,360000000000001;0,3074568934736149
1,370000000000001;0,31478509185292947
1,380000000000001;0,32205984689772893
1,390000000000001;0,3292819400335309
1,400000000000001;0,33645222149367154
1,410000000000001;0,34357125472140687
1,420000000000001;0,3508386418047602
1,430000000000001;0,35784373354974314
1,440000000000001;0,3648007444046411
1,450000000000001;0,37171029847066034
1,460000000000001;0,37857300924834
1,470000000000001;0,38538947980326166
1,480000000000001;0,39216030293300025
1,490000000000001;0,39888606133487586
1,500000000000001;0,4055673277741033
1,5100000000000011;0,41220466525199106
1,5200000000000011;0,41879862717386057
1,5300000000000011;0,4253497575164076
1,5400000000000011;0,4318585909942371
1,5500000000000012;0,4383256532253541
1,5600000000000012;0,4447514608954012
1,5700000000000012;0,45113652192045856
1,5800000000000012;0,45748133560826015
1,5900000000000012;0,46378639281766987
1,6000000000000012;0,47005217611630973
1,6100000000000012;0,47627915993622605
1,6200000000000012;0,4824678107275038
1,6300000000000012;0,4886185871097541
1,6400000000000012;0,49473194002140525
1,6500000000000012;0,5008083130799723
1,6600000000000013;0,5068481418429189
1,6700000000000013;0,5128518553266831
1,6800000000000013;0,5188198751916934
1,6900000000000013;0,5247526161292179
1,7000000000000013;0,5306504859966471
1,7100000000000013;0,5365138859503783
1,7200000000000013;0,5423432105763014
1,7300000000000013;0,5481388480178871
1,7400000000000013;0,5539011801018883
1,7500000000000013;0,5596305824616626
1,7600000000000013;0,5653274246581307
1,7700000000000014;0,5709920702983915
1,7800000000000014;0,5766248771520142
1,7900000000000014;0,5822261972650246
1,8000000000000014;0,5877963770716202
1,8100000000000014;0,5933357575036358
1,8200000000000014;0,5988446740977871
1,8300000000000014;0,604323477520699
1,8400000000000014;0,609660886983194
1,8500000000000014;0,6150884762712308
1,8600000000000014;0,62048635839515
1,8700000000000014;0,6258548755880122
1,8800000000000014;0,6311943634762948
1,8900000000000015;0,6365051512713101
1,9000000000000015;0,6417875619532228
1,9100000000000015;0,647041912448019
1,9200000000000015;0,6522685137977481
1,9300000000000015;0,6574676713243602
1,9400000000000015;0,6626396847874224
1,9500000000000015;0,6677848485360011
1,9600000000000015;0,6729034516549706
1,9700000000000015;0,6779957781059999
1,9800000000000015;0,6830621068634543
1,9900000000000015;0,6881036999189479
2,0000000000000013;0,6931187325321889
2,010000000000001;0,6981085888068996
2,020000000000001;0,7030735277092767
2,0300000000000007;0,7080138039518435
2,0400000000000005;0,7129296680927163
2,0500000000000003;0,7178213666319676
2,06;0,722689142105187
2,07;0,7275332331743278
2,0799999999999996;0,7323538747159278
2,0899999999999994;0,737151297906793
2,099999999999999;0,7419257303072258
2,109999999999999;0,7466773959418735
2,1199999999999988;0,7514065153782843
2,1299999999999986;0,7561133058032319
2,1399999999999983;0,7607979810968941
2,149999999999998;0,7654607519049448
2,159999999999998;0,770101825708633
2,1699999999999977;0,7747214068929084
2,1799999999999975;0,7793196968126622
2,1899999999999973;0,7838968938571379
2,199999999999997;0,788453193512573
2,209999999999997;0,7929887884231311
2,2199999999999966;0,7975038684501703
2,2299999999999964;0,8019986345992617
2,239999999999996;0,8064732413608618
2,249999999999996;0,8109278870223621
2,259999999999996;0,8153627508324666
2,2699999999999956;0,8198304543810273
2,2799999999999954;0,8242211533309178
2,289999999999995;0,8285930077208454
2,299999999999995;0,8329461603235125
2,3099999999999947;0,8372807529472891
2,3199999999999945;0,8415969264263785
2,3299999999999943;0,8458948206118818
2,339999999999994;0,8501745743637233
2,349999999999994;0,8544363255433988
2,3599999999999937;0,8586802110075105
2,3699999999999934;0,8629063666020558
2,3799999999999932;0,867114927157434
2,389999999999993;0,8713060264841436
2,399999999999993;0,8754797973691314
2,4099999999999926;0,8796363715727756
2,4199999999999924;0,8837758798264611
2,429999999999992;0,8878984518307328
2,439999999999992;0,8920042162539881
2,4499999999999917;0,8960933007316942
2,4599999999999915;0,9001658318660984
2,4699999999999913;0,9042219352264118
2,479999999999991;0,9082617353494409
2,489999999999991;0,91228535574065
2,4999999999999907;0,9162929188756285
2,5099999999999905;0,9202845462019459
2,5199999999999902;0,9242603581413756
2,52999999999999;0,928220474092467
2,53999999999999;0,9321650124334493
2,5499999999999896;0,9360940905254505
2,5599999999999894;0,940007824716015
2,569999999999989;0,9439063303429005
2,579999999999989;0,9477897217381471
2,5899999999999888;0,951658112232393
2,5999999999999885;0,9554977467437455
2,6099999999999883;0,9593397076644943
2,619999999999988;0,9631664533661917
2,629999999999988;0,9669781445159805
2,6399999999999877;0,9707749406938295
2,6499999999999875;0,9745570003901876
2,6599999999999873;0,9783244810039192
2,669999999999987;0,9820775388405076
2,679999999999987;0,9858163291105227
2,6899999999999866;0,9895410059283487
2,6999999999999864;0,9932517223111607
2,709999999999986;0,9969486301781502
2,719999999999986;1,0006318803514525
2,7299999999999858;1,0043016224353294
2,7399999999999856;1,00795800394434
2,7499999999999853;1,0116011697520508
2,759999999999985;1,0152312621340975
2,769999999999985;1,0188484208327184
2,7799999999999847;1,022452783119251
2,7899999999999845;1,0260444838546705
2,7999999999999843;1,0296236555482476
2,809999999999984;1,0331904284143862
2,819999999999984;1,0367449304277148
2,8299999999999836;1,0402872873764921
2,8399999999999834;1,04381760955232
2,849999999999983;1,0473191954412544
2,859999999999983;1,0508218917501462
2,869999999999983;1,0543123769532534
2,8799999999999826;1,0577907379463498
2,8899999999999824;1,061257060817594
2,899999999999982;1,0647114308548236
2,909999999999982;1,0681539325527454
2,9199999999999817;1,0715846496206267
2,9299999999999815;1,075003664988974
2,9399999999999813;1,0784110608171713
2,949999999999981;1,0818069185006276
2,959999999999981;1,0851913186779925
2,9699999999999807;1,0885649246341405
2,9799999999999804;1,091926636057182
2,9899999999999802;1,0952771287235512
2,99999999999998;1,0986164802498846
3,00999999999998;1,1019447675337863
3,0199999999999796;1,1052620667608812
3,0299999999999794;1,1085684534118252
3,039999999999979;1,1118640022692707
3,049999999999979;1,115148787424788
3,0599999999999787;1,1184228822857387
3,0699999999999785;1,1216863595821045
3,0799999999999783;1,1249392913732648
3,089999999999978;1,1281817490547286
3,099999999999978;1,1314138033648145
3,1099999999999777;1,134635524391284
3,1199999999999775;1,1378469815779193
3,1299999999999772;1,1410482437310552
3,139999999999977;1,1442393790260548
3,149999999999977;1,1474204140749553
3,1599999999999766;1,1505914947610945
3,1699999999999764;1,1537526491808734
3,179999999999976;1,1569039430346422
3,189999999999976;1,1600454414226091
3,1999999999999758;1,163177208850983
3,2099999999999755;1,166299309238063
3,2199999999999753;1,1694118059202758
3,229999999999975;1,1725147616581577
3,239999999999975;1,175608238642285
3,2499999999999747;1,1786922984991484
3,2599999999999745;1,181728746380025
3,2699999999999743;1,1847916509777572
3,279999999999974;1,1878452112194027
3,289999999999974;1,1908894843197961
3,2999999999999736;1,1939245269799976
3,3099999999999734;1,1969503953934237
3,319999999999973;1,1999671452518899
3,329999999999973;1,202974831751557
3,3399999999999728;1,20597350959879
3,3499999999999726;1,2089632330159297
3,3599999999999723;1,2119440557469727
3,369999999999972;1,2149160310631715
3,379999999999972;1,2178792117685495
3,3899999999999717;1,2208336502053332
3,3999999999999715;1,2237793982593053
3,4099999999999713;1,2267165073650774
3,419999999999971;1,2296450285112872
3,429999999999971;1,232565012245718
3,4399999999999706;1,2354765086803439
3,4499999999999704;1,238379567496303
3,45999999999997;1,2412742379487962
3,46999999999997;1,2441605688719177
3,47999999999997;1,2470386086834155
3,4899999999999696;1,2499084053893819
3,4999999999999694;1,2527700065888785
3,509999999999969;1,2556234594784965
3,519999999999969;1,2584688108568518
3,5299999999999687;1,2613061071290128
3,5399999999999685;1,2641353943108729
3,5499999999999683;1,2669567180334556
3,559999999999968;1,2697701235471615
3,569999999999968;1,2725756557259575
3,5799999999999677;1,2753733590715066
3,5899999999999674;1,2781632777172394
3,5999999999999672;1,28094545543237
3,609999999999967;1,2837199356258602
3,619999999999967;1,2864867613503235
3,6299999999999666;1,2892459753058794
3,6399999999999664;1,2919976198439553
3,649999999999966;1,2947417369710348
3,659999999999966;1,2974783683523576
3,6699999999999657;1,3002075553155676
3,6799999999999655;1,3029293388543117
3,6899999999999653;1,3056437596317947
3,699999999999965;1,308350857984279
3,709999999999965;1,3110506739245458
3,7199999999999647;1,3137432471453039
3,7299999999999645;1,3164286170225574
3,7399999999999642;1,3191068226189282
3,749999999999964;1,3217779026869325
3,759999999999964;1,3244418956722175
3,7699999999999636;1,3270988397167538
3,7799999999999634;1,3297487726619865
3,789999999999963;1,332391732051946
3,799999999999963;1,3350277551363179
3,8099999999999627;1,3376568788734728
3,8199999999999625;1,3402791399334586
3,8299999999999623;1,3428945747009524
3,839999999999962;1,3455032192781768
3,849999999999962;1,3481051094877763
3,8599999999999617;1,3507002808756592
3,8699999999999615;1,3532887687138035
3,8799999999999613;1,3558706080030247
3,889999999999961;1,358445833475712
3,899999999999961;1,361014479598528
3,9099999999999606;1,3635765805750744
3,9199999999999604;1,3661321703485259
3,92999999999996;1,3686812826042292
3,93999999999996;1,371223950772272
3,9499999999999598;1,3737602080300175
3,9599999999999596;1,3762900873046091
3,9699999999999593;1,378813621275444
3,979999999999959;1,3813308423766169
3,989999999999959;1,383841747225788
3,9999999999999587;1,3863464372713696
4,009999999999959;1,388844910232955
4,019999999999959;1,3913371975849995
4,0299999999999585;1,3937700798642758
4,039999999999958;1,3962485295920388
4,049999999999958;1,3987208560192228
4,059999999999958;1,401187089422982
4,069999999999958;1,4036472598577134
4,079999999999957;1,4061013971572354
4,089999999999957;1,408549530936947
4,099999999999957;1,410991690595951
4,109999999999957;1,4134279053191603
4,119999999999957;1,4158582040793726
4,129999999999956;1,418282615639322
4,139999999999956;1,4207011685537072
4,149999999999956;1,4231138911711914
4,159999999999956;1,4255208116363831
4,1699999999999555;1,4279219578917883
4,179999999999955;1,430317357679743
4,189999999999955;1,4327070385443195
4,199999999999955;1,4350910278332143
4,209999999999955;1,4374693526996074
4,2199999999999545;1,439842040104005
4,229999999999954;1,4422091168160591
4,239999999999954;1,4445706094163615
4,249999999999954;1,4469265442982249
4,259999999999954;1,449276947669433
4,269999999999953;1,4516218455539787
4,279999999999953;1,4539612637937784
4,289999999999953;1,4562952280503634
4,299999999999953;1,4586237638065598
4,3099999999999525;1,4609468963681373
4,319999999999952;1,4632646508654519
4,329999999999952;1,4655770522550569
4,339999999999952;1,4678841253213064
4,349999999999952;1,4701858946779327
4,3599999999999515;1,472482384769609
4,369999999999951;1,4747736198734929
4,379999999999951;1,4770596241007543
4,389999999999951;1,4793404213980825
4,399999999999951;1,4816160355491805
4,40999999999995;1,4838864901762367
4,41999999999995;1,4861518087413867
4,42999999999995;1,4884120145481525
4,43999999999995;1,4906671307428696
4,4499999999999496;1,4929171803160954
4,459999999999949;1,4951621861040039
4,469999999999949;1,4974021707897627
4,479999999999949;1,4996371569048967
4,489999999999949;1,5018671668306358
4,4999999999999485;1,5040922227992468
4,509999999999948;1,5063123468953512
4,519999999999948;1,5085275610572282
4,529999999999948;1,5107378870781054
4,539999999999948;1,5129433466074305
4,549999999999947;1,5151439611521342
4,559999999999947;1,5173397520778766
4,569999999999947;1,519530740610279
4,579999999999947;1,5217169478361452
4,589999999999947;1,5238983947046676
4,599999999999946;1,5260751020286207
4,609999999999946;1,5282470904855396
4,619999999999946;1,5304143806188897
4,629999999999946;1,5325769928392217
4,6399999999999455;1,5347349474253127
4,649999999999945;1,536888264525298
4,659999999999945;1,5390369641577877
4,669999999999945;1,5411810662129743
4,679999999999945;1,543320590453726
4,689999999999944;1,5454555565166703
4,699999999999944;1,547585983913265
4,709999999999944;1,5497118920308575
4,719999999999944;1,5518333001337334
4,729999999999944;1,5539502273641552
4,739999999999943;1,5560626927433876
4,749999999999943;1,558170715172714
4,759999999999943;1,560274313434442
4,769999999999943;1,562373506192896
4,7799999999999425;1,564468311995405
4,789999999999942;1,566558749273273
4,799999999999942;1,5686448363427452
4,809999999999942;1,5707265914059603
4,819999999999942;1,5728040325518953
4,8299999999999415;1,5748771777573003
4,839999999999941;1,5769460448350971
4,849999999999941;1,579010651644768
4,859999999999941;1,5810710157799845
4,869999999999941;1,5831271547777361
4,87999999999994;1,5851790860673134
4,88999999999994;1,587226826971186
4,89999999999994;1,589270394705872
4,90999999999994;1,5913098063827977
4,9199999999999395;1,5933450790091501
4,929999999999939;1,595376229488719
4,939999999999939;1,597403274622732
4,949999999999939;1,59942623111068
4,959999999999939;1,601445115551136
4,9699999999999385;1,6034599444425635
4,979999999999938;1,6054707341841181
4,989999999999938;1,6074775010764415
4,999999999999938;1,6094802613224466
5,009999999999938;1,6114790310280944
5,019999999999937;1,6134738262031656
5,029999999999937;1,6154646627620217
5,039999999999937;1,6174515565243592
5,049999999999937;1,6194345232159582
5,0599999999999365;1,6214135784694215
5,069999999999936;1,6233887378249077
5,079999999999936;1,6253600167308557
5,089999999999936;1,627327430544705
5,099999999999936;1,6292909945336038
5,1099999999999355;1,6312507238751166
5,119999999999935;1,63320663365792
5,129999999999935;1,635158738882493
5,139999999999935;1,6371070544618023
5,149999999999935;1,639051595221979
5,159999999999934;1,6409923759029894
5,169999999999934;1,6429294111592987
5,179999999999934;1,6448627155605313
5,189999999999934;1,646792303592119
5,199999999999934;1,6487181896559495
5,209999999999933;1,6506403880710032
5,219999999999933;1,6525589130739884
5,229999999999933;1,6544170463012262
5,239999999999933;1,6563273757214136
5,2499999999999325;1,6582340646543365
5,259999999999932;1,660137126973031
5,269999999999932;1,6620365764715619
5,279999999999932;1,6639324268656202
5,289999999999932;1,6658246917931154
5,299999999999931;1,6677133848147643
5,309999999999931;1,6695985194146705
5,319999999999931;1,6714801090009026
5,329999999999931;1,6733581669060626
5,339999999999931;1,6752327063878536
5,34999999999993;1,6771037406296385
5,35999999999993;1,6789712827409962
5,36999999999993;1,6808353457582679
5,37999999999993;1,6826959426451071
5,3899999999999295;1,6845536551106228
5,399999999999929;1,6864073362454135
5,409999999999929;1,6882575905476462
5,419999999999929;1,6901044306659778
5,429999999999929;1,6919478691799608
5,4399999999999284;1,6937879186005307
5,449999999999928;1,695624591370493
5,459999999999928;1,6974578998650014
5,469999999999928;1,6992878563920364
5,479999999999928;1,7011144731928778
5,489999999999927;1,702937762442573
5,499999999999927;1,7047577362504016
5,509999999999927;1,7065744066603379
5,519999999999927;1,7083877856515055
5,5299999999999265;1,710197885138634
5,539999999999926;1,7120047169725061
5,549999999999926;1,713808292940405
5,559999999999926;1,7156086247665556
5,569999999999926;1,7174057241125638
5,5799999999999255;1,7191996025778513
5,589999999999925;1,7209902717000876
5,599999999999925;1,7227777429556164
5,609999999999925;1,7245620277598817
5,619999999999925;1,7263431374678462
5,629999999999924;1,7281210833744123
5,639999999999924;1,7298958767148318
5,649999999999924;1,7316675286651202
5,659999999999924;1,7334360503424613
5,6699999999999235;1,735201452805612
5,679999999999923;1,736963747055304
5,689999999999923;1,7387229440346395
5,699999999999923;1,7404790546294837
5,709999999999923;1,7422320896688597
5,7199999999999225;1,7439820599253344
5,729999999999922;1,7457289761154007
5,739999999999922;1,7474728488998625
5,749999999999922;1,7492136888842105
5,759999999999922;1,7509515066189976
5,769999999999921;1,7526863126002126
5,779999999999921;1,754418117269647
5,789999999999921;1,756146931015263
5,799999999999921;1,7578727641715572
5,809999999999921;1,7595956270199173
5,81999999999992;1,7613155297889844
5,82999999999992;1,7630324826550021
5,83999999999992;1,7647464957421741
5,84999999999992;1,766457579123007
5,8599999999999195;1,7681657428186603
5,869999999999919;1,7698709967992887
5,879999999999919;1,7715733509843803
5,889999999999919;1,773272815243099
5,899999999999919;1,7749693993946136
5,909999999999918;1,7766631132084347
5,919999999999918;1,7783539664047427
5,929999999999918;1,7800419686547155
5,939999999999918;1,7817271295808503
5,949999999999918;1,7834094587572902
5,959999999999917;1,7850889657101383
5,969999999999917;1,7867656599177781
5,979999999999917;1,7884395508111863
5,989999999999917;1,7901106477742446
5,9999999999999165;1,7917789601440484
6,009999999999916;1,7934444972112165
6,019999999999916;1,7951072682201896
6,029999999999916;1,796767282369538
6,039999999999916;1,7984245488122599
6,0499999999999154;1,8000790766560757
6,059999999999915;1,8017308749637262
6,069999999999915;1,8033799527532628
6,079999999999915;1,8050263189983398
6,089999999999915;1,8066699826285004
6,099999999999914;1,8083109525294636
6,109999999999914;1,8099492375434083
6,119999999999914;1,8115848464692523
6,129999999999914;1,8132177880629332
6,1399999999999135;1,8148480710376853
6,149999999999913;1,8164757040643118
6,159999999999913;1,8181006957714616
6,169999999999913;1,8197230547458954
6,179999999999913;1,821342789532758
6,1899999999999125;1,8229599086358406
6,199999999999912;1,8245744205178471
6,209999999999912;1,8261863336006567
6,219999999999912;1,8277956562655837
6,229999999999912;1,8294023968536333
6,239999999999911;1,8310065636657613
6,249999999999911;1,8326081649631247
6,259999999999911;1,8342072089673374
6,269999999999911;1,8358037038607162
6,2799999999999105;1,8373976577865325
6,28999999999991;1,8389890788492578
6,29999999999991;1,840577975114807
6,30999999999991;1,842164354610782
6,31999999999991;1,8437482253267115
6,3299999999999095;1,8453295952142916
6,339999999999909;1,8469084721876208
6,349999999999909;1,8484848641234362
6,359999999999909;1,850058778861347
6,369999999999909;1,851630224204066
6,379999999999908;1,8531992079176398
6,389999999999908;1,8547657377316749
6,399999999999908;1,856329821339567
6,409999999999908;1,8578914663987247
6,419999999999908;1,8594506805307918
6,429999999999907;1,861007471321868
6,439999999999907;1,8625618463227296
6,449999999999907;1,864113813049049
6,459999999999907;1,8656633789816057
6,4699999999999065;1,867210551566508
6,479999999999906;1,8687553382154007
6,489999999999906;1,8702977463056774
6,499999999999906;1,8718377831806925
6,509999999999906;1,8733754561499678
6,519999999999905;1,8749107724893992
6,529999999999905;1,8764437394414617
6,539999999999905;1,8779743642154156
6,549999999999905;1,8795026539875033
6,559999999999905;1,8810286159011553
6,569999999999904;1,8825522570671849
6,579999999999904;1,8840735845639902
6,589999999999904;1,8855926054377459
6,599999999999904;1,8871093267026007
6,6099999999999035;1,8886237553408693
6,619999999999903;1,8901358983032248
6,629999999999903;1,8916457625088883
6,639999999999903;1,8931533548458188
6,649999999999903;1,8946586821709
6,659999999999902;1,896161751310126
6,669999999999902;1,8976625690587887
6,679999999999902;1,8991611421816568
6,689999999999902;1,9006574774131622
6,699999999999902;1,9021515814575778
6,709999999999901;1,903643460989198
6,719999999999901;1,9051331226525172
6,729999999999901;1,906620573062406
6,739999999999901;1,9081058188042856
6,7499999999999005;1,9095888664343041
6,7599999999999;1,9110697224795101
6,7699999999999;1,912548393438019
6,7799999999999;1,9140248857791897
6,7899999999999;1,9154992059437912
6,7999999999998995;1,9169713603441685
6,809999999999899;1,9184413553644133
6,819999999999899;1,919909197360527
6,829999999999899;1,9213748926605851
6,839999999999899;1,9228384475649012
6,849999999999898;1,9242998683461876
6,859999999999898;1,9257591612497182
6,869999999999898;1,927216332493486
6,879999999999898;1,9286713882683624
6,8899999999998975;1,930124334738255
6,899999999999897;1,9315751780402628
6,909999999999897;1,9330239242848317
6,919999999999897;1,934470579555909
6,929999999999897;1,9359151499110954
6,9399999999998965;1,937357641381797
6,949999999999896;1,9387980599733767
6,959999999999896;1,9402364116653021
6,969999999999896;1,9416727024112967
6,979999999999896;1,9431069381394843
6,989999999999895;1,9445391247525377
6,999999999999895;1,945969249101077
7,009999999999895;1,947344664904576
7,019999999999895;1,9487702573437877
7,0299999999998946;1,950193821157306
7,039999999999894;1,9516153621164325
7,049999999999894;1,9530348859678992
7,059999999999894;1,9544523984340123
7,069999999999894;1,9558684118033896
7,0799999999998935;1,9572818601938542
7,089999999999893;1,9586933195532252
7,099999999999893;1,9601027951577483
7,109999999999893;1,9615102922730656
7,119999999999893;1,9629158161542364
7,129999999999892;1,9643193720457535
7,139999999999892;1,9657209651815661
7,149999999999892;1,9671206007850954
7,159999999999892;1,9685182840692546
7,169999999999892;1,9699140202364689
7,179999999999891;1,9713078144786937
7,189999999999891;1,9726996719774326
7,199999999999891;1,9740895979037576
7,209999999999891;1,9754775974183274
7,2199999999998905;1,976863675671406
7,22999999999989;1,9782478378028818
7,23999999999989;1,9796300889422853
7,24999999999989;1,98101043420881
7,25999999999989;1,9823888787113284
7,269999999999889;1,983765427548413
7,279999999999889;1,985140085808353
7,289999999999889;1,9865128585691736
7,299999999999889;1,9878837508986555
7,309999999999889;1,989252767854351
7,319999999999888;1,9906199144836056
7,329999999999888;1,9919851958235735
7,339999999999888;1,993348616901238
7,349999999999888;1,994710182733429
7,3599999999998875;1,9960698983268412
7,369999999999887;1,9974277686780533
7,379999999999887;1,9987837987735446
7,389999999999887;2,000137994411687
7,399999999999887;2,001490358856803
7,4099999999998865;2,002840897821021
7,419999999999886;2,0041896162322557
7,429999999999886;2,0055365189985186
7,439999999999886;2,006881611008025
7,449999999999886;2,0082248971292973
7,459999999999885;2,009566382211277
7,469999999999885;2,0109060710834217
7,479999999999885;2,0122439685558167
7,489999999999885;2,0135800794192718
7,4999999999998845;2,014914408445431
7,509999999999884;2,016246960386869
7,519999999999884;2,017577739977195
7,529999999999884;2,0189067519311528
7,539999999999884;2,0202340009447224
7,5499999999998835;2,021559491695218
7,559999999999883;2,022883228841386
7,569999999999883;2,024205217023506
7,579999999999883;2,025525460863486
7,589999999999883;2,0268439649649594
7,599999999999882;2,028160733913382
7,609999999999882;2,0294757722761263
7,619999999999882;2,030789084602579
7,629999999999882;2,032100675424233
7,6399999999998816;2,0334105492547803
7,649999999999881;2,0347187105902087
7,659999999999881;2,0360251639088918
7,669999999999881;2,0373299136716803
7,679999999999881;2,0386329643219945
7,6899999999998805;2,039934320285915
7,69999999999988;2,041233985972272
7,70999999999988;2,0425319657727368
7,71999999999988;2,043828264061908
7,72999999999988;2,045122885197401
7,739999999999879;2,0464158335199363
7,749999999999879;2,047707113353426
7,759999999999879;2,0489967290050624
7,769999999999879;2,0502846847654004
7,779999999999879;2,0515709849084462
7,789999999999878;2,052855633691741
7,799999999999878;2,0541386353564457
7,809999999999878;2,055419994127426
7,819999999999878;2,0566997142133325
7,8299999999998775;2,057977799806687
7,839999999999877;2,0592542550839634
7,849999999999877;2,0605290842056694
7,859999999999877;2,0618022913164267
7,869999999999877;2,063073880545056
7,879999999999876;2,0643438560046516
7,889999999999876;2,0656122217926645
7,899999999999876;2,066878981990981
7,909999999999876;2,0681441406660017
7,919999999999876;2,0694077018687183
7,929999999999875;2,0706696696347935
7,939999999999875;2,071930047984636
7,949999999999875;2,0731888409234793
7,959999999999875;2,0744460524414574
7,9699999999998745;2,0757016865136793
7,979999999999874;2,076955747100305
7,989999999999874;2,078208238146622
7,999999999999874;2,0794591635831177
8,009999999999874;2,080708527325553
8,019999999999873;2,0819563332750386
8,029999999999873;2,0832025853181038
8,039999999999873;2,0844472873267743
8,049999999999873;2,085691056723453
8,059999999999873;2,086932661282913
8,069999999999872;2,088172727485059
8,079999999999872;2,089411259142116
8,089999999999872;2,090648260052198
8,099999999999872;2,091883733999381
8,109999999999872;2,093117684753769
8,119999999999871;2,0943501160715647
8,129999999999871;2,0955810316951347
8,139999999999871;2,0968104353530785
8,14999999999987;2,0980383307602968
8,15999999999987;2,099264721618056
8,16999999999987;2,100489611614057
8,17999999999987;2,101713004422497
8,18999999999987;2,102934903704141
8,19999999999987;2,1041553131063826
8,20999999999987;2,1053742362633088
8,21999999999987;2,1065916767957673
8,229999999999869;2,107807638311426
8,239999999999869;2,1090221244048424
8,249999999999869;2,110235138657521
8,259999999999868;2,1114466846379805
8,269999999999868;2,1126567659018143
8,279999999999868;2,1138653859917516
8,289999999999868;2,1150725484377215
8,299999999999867;2,116278256756914
8,309999999999867;2,1174825144538376
8,319999999999867;2,1186853250203845
8,329999999999867;2,119886691935889
8,339999999999867;2,121086618667187
8,349999999999866;2,1222851086686756
8,359999999999866;2,1234821653823723
8,369999999999866;2,1246777922379745
8,379999999999866;2,125871992652918
8,389999999999866;2,127064770032435
8,399999999999865;2,128256127769611
8,409999999999865;2,1294460692454424
8,419999999999865;2,1306345978288963
8,429999999999865;2,131821716876965
8,439999999999864;2,1330074297347204
8,449999999999864;2,1341917397353742
8,459999999999864;2,1353746502003332
8,469999999999864;2,1365561644392512
8,479999999999864;2,137736285750089
8,489999999999863;2,1389150174191647
8,499999999999863;2,140092362721212
8,509999999999863;2,141268324919432
8,519999999999863;2,142442907265549
8,529999999999863;2,1436161129998608
8,539999999999862;2,144787945351297
8,549999999999862;2,1459584075374663
8,559999999999862;2,1471275027647136
8,569999999999862;2,148295234228172
8,579999999999862;2,1494616051118114
8,589999999999861;2,1506266185884932
8,599999999999861;2,1517902778200213
8,60999999999986;2,1529525859571925
8,61999999999986;2,15411354613985
8,62999999999986;2,155273161496928
8,63999999999986;2,1564314351465104
8,64999999999986;2,1575883701958714
8,65999999999986;2,158743969741534
8,66999999999986;2,1598982368693145
8,67999999999986;2,1610511746543715
8,68999999999986;2,162202786161257
8,699999999999859;2,1633530744439633
8,709999999999859;2,164502042545972
8,719999999999859;2,165649693500303
8,729999999999858;2,1667960303295604
8,739999999999858;2,1679410560459798
8,749999999999858;2,1690847736514787
8,759999999999858;2,170227186137699
8,769999999999857;2,1713682964860594
8,779999999999857;2,1725081076677943
8,789999999999857;2,173646622644007
8,799999999999857;2,174783844365712
8,809999999999857;2,1759197757738806
8,819999999999856;2,1770544197994885
8,829999999999856;2,1781877793635585
8,839999999999856;2,179319857377206
8,849999999999856;2,180450656741686
8,859999999999856;2,1815801803484325
8,869999999999855;2,1827084310791087
8,879999999999855;2,1838354118056458
8,889999999999855;2,18496112539029
8,899999999999855;2,186085574685644
8,909999999999854;2,18720876253471
8,919999999999854;2,188330691770934
8,929999999999854;2,189451365218249
8,939999999999854;2,1905707856911154
8,949999999999854;2,1916889559945636
8,959999999999853;2,1928058789242355
8,969999999999853;2,1939215572664312
8,979999999999853;2,1950359937981436
8,989999999999853;2,196149191287101
8,999999999999853;2,1972611524918135
9,009999999999852;2,1983718801616083
9,019999999999852;2,1994813770366726
9,029999999999852;2,2005896458480922
9,039999999999852;2,201696689317895
9,049999999999851;2,2028025101590867
9,059999999999851;2,2039071110756954
9,069999999999851;2,205010494762806
9,07999999999985;2,206112663906603
9,08999999999985;2,207213621184409
9,09999999999985;2,2083133692647223
9,10999999999985;2,209411910807256
9,11999999999985;2,210509248462978
9,12999999999985;2,211605384874145
9,13999999999985;2,2127003226743485
9,14999999999985;2,213794064488543
9,15999999999985;2,214886612933091
9,169999999999849;2,2159779706157963
9,179999999999849;2,2170681401359422
9,189999999999849;2,21815712408433
9,199999999999848;2,219244925043314
9,209999999999848;2,220331545586839
9,219999999999848;2,221416988280476
9,229999999999848;2,2225012556814594
9,239999999999847;2,223584350338722
9,249999999999847;2,224666274792931
9,259999999999847;2,225747031576525
9,269999999999847;2,226826623213748
9,279999999999847;2,227905052220683
9,289999999999846;2,2289823211052924
9,299999999999846;2,2300584323674477
9,309999999999846;2,231133388498965
9,319999999999846;2,2322071919836426
9,329999999999846;2,2332798452972926
9,339999999999845;2,234351350907775
9,349999999999845;2,235421687876926
9,359999999999845;2,2364909054048754
9,369999999999845;2,237558982584951
9,379999999999844;2,238625921853539
9,389999999999844;2,2396917256392417
9,399999999999844;2,2407563963629102
9,409999999999844;2,241819936437679
9,419999999999844;2,2428823482689983
9,429999999999843;2,2439436342546637
9,439999999999843;2,2450037967848537
9,449999999999843;2,246062838242158
9,459999999999843;2,2471207610016095
9,469999999999843;2,248177567430718
9,479999999999842;2,2492332598895035
9,489999999999842;2,2502878407305213
9,499999999999842;2,2513413122988997
9,509999999999842;2,252393676932369
9,519999999999841;2,253444936961293
9,529999999999841;2,2544950947086977
9,539999999999841;2,255544152490305
9,54999999999984;2,2565921126145616
9,55999999999984;2,2576389773826695
9,56999999999984;2,2586847490886166
9,57999999999984;2,259729430019207
9,58999999999984;2,2607281068712948
9,59999999999984;2,2617703627557795
9,60999999999984;2,2628115337928056
9,61999999999984;2,263851622239714
9,62999999999984;2,264890630346813
9,639999999999839;2,265928560357408
9,649999999999839;2,2669654145078315
9,659999999999838;2,268001195027468
9,669999999999838;2,269035904138788
9,679999999999838;2,2700695440573737
9,689999999999838;2,2711021169919468
9,699999999999838;2,272133625144398
9,709999999999837;2,2731640707098153
9,719999999999837;2,274193455876511
9,729999999999837;2,27522178282605
9,739999999999837;2,2762490537332773
9,749999999999837;2,277275270766347
9,759999999999836;2,278300436086747
9,769999999999836;2,279324551849328
9,779999999999836;2,2803476202023303
9,789999999999836;2,281369643287412
9,799999999999836;2,2823906232396736
9,809999999999835;2,283410562187685
9,819999999999835;2,2844294622535135
9,829999999999835;2,285447325552752
9,839999999999835;2,286464154194539
9,849999999999834;2,28747995028159
9,859999999999834;2,2884947159102245
9,869999999999834;2,289508453170387
9,879999999999834;2,2905211641456757
9,889999999999834;2,2915328509133692
9,899999999999833;2,2925435155444496
9,909999999999833;2,293553160103629
9,919999999999833;2,294561786649376
9,929999999999833;2,2955693972339373
9,939999999999833;2,2965759939033674
9,949999999999832;2,29758157869755
9,959999999999832;2,298586153650224
9,969999999999832;2,299589720789007
9,979999999999832;2,300592282135422
9,989999999999831;2,301593839704921
9,999999999999831;2,3025943955069073
