-1;-0,7858971648964468
-0,999;-0,7853938441597434
-0,998;-0,7839012644143699
-0,997;-0,7834026079906731
-0,996;-0,7838876377187571
-0,995;-0,7833873623775324
-0,994;-0,7818977119344828
-0,993;-0,7814013238331912
-0,992;-0,7818706993900169
-0,991;-0,7803918839655237
-0,99;-0,7798886948947037
-0,989;-0,7803479504222598
-0,988;-0,7788746641265312
-0,987;-0,7783687050510597
-0,986;-0,778824374816115
-0,985;-0,7773710481972839
-0,984;-0,7778061606609621
-0,983;-0,7763446287512178
-0,982;-0,775845700329221
-0,981;-0,7753418276753254
-0,98;-0,7748331195511577
-0,979;-0,7743195609608744
-0,978;-0,7738010097425275
-0,977;-0,7742213116554526
-0,976;-0,7737245805252186
-0,975;-0,7722826371798495
-0,974;-0,7717465495508046
-0,973;-0,7721869183839931
-0,972;-0,7707339463559391
-0,971;-0,7711481882107494
-0,97;-0,7697105554848431
-0,969;-0,7701159632066604
-0,968;-0,7686765893518106
-0,967;-0,7690902651344156
-0,966;-0,76763177194717
-0,965;-0,7671501358419249
-0,964;-0,7675178386939336
-0,963;-0,7660923787742622
-0,962;-0,7656064059979111
-0,961;-0,76595335566801
-0,96;-0,7645355453141428
-0,959;-0,7640461967695624
-0,958;-0,7643964118211232
-0,957;-0,7629611995054254
-0,956;-0,762469299833523
-0,955;-0,7628476568663332
-0,954;-0,7622952220244673
-0,953;-0,7608744370397148
-0,952;-0,7603784087654986
-0,951;-0,7598801554354081
-0,95;-0,760201718309943
-0,949;-0,7596497901677298
-0,948;-0,7582628673909355
-0,947;-0,7577616484090178
-0,946;-0,7581167715974898
-0,945;-0,7575631704180643
-0,944;-0,7570104400485909
-0,943;-0,755617412377336
-0,942;-0,7551121934832661
-0,941;-0,7546051606486097
-0,94;-0,7549318874043637
-0,939;-0,754377275572057
-0,938;-0,7538233270873794
-0,9369999999999999;-0,7524285017407867
-0,9359999999999999;-0,7519185989958715
-0,9349999999999999;-0,7514070436573497
-0,9339999999999999;-0,7508938890588942
-0,9329999999999999;-0,751196406778154
-0,9319999999999999;-0,750640034774583
-0,9309999999999999;-0,7500841432355659
-0,9299999999999999;-0,749528684821862
-0,9289999999999999;-0,7481654594001013
-0,9279999999999999;-0,7476489670557318
-0,9269999999999999;-0,7471310076634167
-0,9259999999999999;-0,7466116220110199
-0,9249999999999999;-0,7469048521870953
-0,9239999999999999;-0,7463457356796017
-0,9229999999999999;-0,7457869487315291
-0,9219999999999999;-0,7452284540388324
-0,9209999999999999;-0,7446702158220249
-0,9199999999999999;-0,7433132544311745
-0,9189999999999999;-0,74279026959301
-0,9179999999999999;-0,7422659584551077
-0,9169999999999999;-0,7417403524359628
-0,9159999999999999;-0,7412134816928143
-0,9149999999999999;-0,740685375170199
-0,9139999999999999;-0,7409249025171288
-0,9129999999999999;-0,7403622733411545
-0,9119999999999999;-0,7397997983683157
-0,9109999999999999;-0,7392374500889076
-0,9099999999999999;-0,7386752020120289
-0,9089999999999999;-0,7381130286282857
-0,9079999999999999;-0,7367906234391006
-0,9069999999999999;-0,7362589009763258
-0,9059999999999999;-0,7357260002348383
-0,9049999999999999;-0,7351919440503573
-0,9039999999999999;-0,7346567544238136
-0,9029999999999999;-0,7341204525503613
-0,9019999999999999;-0,7335830588474137
-0,9009999999999999;-0,7337881249399054
-0,8999999999999999;-0,7332202611827638
-0,8989999999999999;-0,7326524132697102
-0,8979999999999999;-0,7320845609164344
-0,8969999999999999;-0,7315166845111636
-0,8959999999999999;-0,7309487650925852
-0,8949999999999999;-0,7303807843284716
-0,8939999999999999;-0,7298127244949849
-0,8929999999999999;-0,7285208257446751
-0,8919999999999999;-0,7279788284868651
-0,8909999999999999;-0,7274357766720317
-0,8899999999999999;-0,7268916864539989
-0,8889999999999999;-0,7263465734534734
-0,8879999999999999;-0,7258004527745754
-0,8869999999999999;-0,7252533390208732
-0,8859999999999999;-0,7247052463109409
-0,8849999999999999;-0,7248871248750264
-0,8839999999999999;-0,7243119405687612
-0,8829999999999999;-0,7237366568915153
-0,8819999999999999;-0,7231612590442409
-0,8809999999999999;-0,7225857326605658
-0,8799999999999999;-0,7220100637942435
-0,8789999999999999;-0,7214342389069508
-0,8779999999999999;-0,7208582448564291
-0,8769999999999999;-0,7202820688849576
-0,8759999999999999;-0,7197056986081483
-0,8749999999999999;-0,7191291220040561
-0,8739999999999999;-0,7178582090162262
-0,8729999999999999;-0,7173038513240515
-0,8719999999999999;-0,7167485378645688
-0,8709999999999999;-0,7161922797633603
-0,8699999999999999;-0,7156350878180122
-0,8689999999999999;-0,7150769725070523
-0,8679999999999999;-0,714517943998654
-0,8669999999999999;-0,7139580121591144
-0,8659999999999999;-0,7133971865611104
-0,8649999999999999;-0,7128354764917402
-0,8639999999999999;-0,7122728909603533
-0,8629999999999999;-0,7117094387061766
-0,8619999999999999;-0,7118170711733968
-0,8609999999999999;-0,7112311780761472
-0,8599999999999999;-0,7106450596369619
-0,8589999999999999;-0,7100587059275586
-0,8579999999999999;-0,709472107270765
-0,8569999999999999;-0,7088852542341852
-0,8559999999999999;-0,70829813762402
-0,8549999999999999;-0,7077107484790351
-0,8539999999999999;-0,7071230780646782
-0,8529999999999999;-0,7065351178673355
-0,8519999999999999;-0,7059468595887292
-0,8509999999999999;-0,7053582951404519
-0,8499999999999999;-0,7047694166386326
-0,8489999999999999;-0,704180216398733
-0,8479999999999999;-0,702942117764528
-0,8469999999999999;-0,7023711041767391
-0,8459999999999999;-0,7017992202529435
-0,8449999999999999;-0,7012264731742024
-0,8439999999999999;-0,7006528699343435
-0,8429999999999999;-0,7000784173443668
-0,8419999999999999;-0,6995031220367524
-0,8409999999999999;-0,6989269904696718
-0,8399999999999999;-0,6983500289311066
-0,8389999999999999;-0,6977722435428753
-0,8379999999999999;-0,6971936402645691
-0,8369999999999999;-0,6966142248974025
-0,8359999999999999;-0,6960340030879753
-0,8349999999999999;-0,6954529803319516
-0,8339999999999999;-0,6948711619776564
-0,8329999999999999;-0,6942885532295922
-0,8319999999999999;-0,6937051591518743
-0,8309999999999998;-0,6937362971336198
-0,8299999999999998;-0,6931345402790214
-0,8289999999999998;-0,6925324521053525
-0,8279999999999998;-0,6919300261579808
-0,8269999999999998;-0,6913272561199121
-0,8259999999999998;-0,6907241358088482
-0,8249999999999998;-0,6901206591743053
-0,8239999999999998;-0,6895168202947911
-0,8229999999999998;-0,688912613375039
-0,8219999999999998;-0,6883080327432989
-0,8209999999999998;-0,6877030728486846
-0,8199999999999998;-0,6870977282585735
-0,8189999999999998;-0,6864919936560615
-0,8179999999999998;-0,6858858638374691
-0,8169999999999998;-0,6852793337098992
-0,8159999999999998;-0,6846723982888454
-0,8149999999999998;-0,6840650526958489
-0,8139999999999998;-0,6834572921562045
-0,8129999999999998;-0,6828491119967142
-0,8119999999999998;-0,6822405076434862
-0,8109999999999998;-0,6810463900514464
-0,8099999999999998;-0,680451888773303
-0,8089999999999998;-0,6798565851783372
-0,8079999999999998;-0,6792604835354448
-0,8069999999999998;-0,678663588016194
-0,8059999999999998;-0,6780659026967635
-0,8049999999999998;-0,6774674315598436
-0,8039999999999998;-0,6768681784965023
-0,8029999999999998;-0,6762681473080185
-0,8019999999999998;-0,6756673417076802
-0,8009999999999998;-0,67506576532255
-0,7999999999999998;-0,6744634216951988
-0,7989999999999998;-0,6738603142854064
-0,7979999999999998;-0,6732564464718316
-0,7969999999999998;-0,6726518215536508
-0,7959999999999998;-0,6720464427521671
-0,7949999999999998;-0,6714403132123885
-0,7939999999999998;-0,6708334360045779
-0,7929999999999998;-0,6702258141257734
-0,7919999999999998;-0,669617450501281
-0,7909999999999998;-0,6690083479861392
-0,7899999999999998;-0,6683985093665565
-0,7889999999999998;-0,6677879373613217
-0,7879999999999998;-0,6671766346231882
-0,7869999999999998;-0,6665646037402323
-0,7859999999999998;-0,6664941911546597
-0,7849999999999998;-0,6658677504383383
-0,7839999999999998;-0,6652408827806722
-0,7829999999999998;-0,6646135842257167
-0,7819999999999998;-0,6639858508865043
-0,7809999999999998;-0,6633576789438433
-0,7799999999999998;-0,6627290646451379
-0,7789999999999998;-0,6621000043032264
-0,7779999999999998;-0,6614704942952401
-0,7769999999999998;-0,6608405310614802
-0,7759999999999998;-0,660210111104314
-0,7749999999999998;-0,6595792309870893
-0,7739999999999998;-0,6589478873330661
-0,7729999999999998;-0,6583160768243684
-0,7719999999999998;-0,6576837962009512
-0,7709999999999998;-0,6570510422595861
-0,7699999999999998;-0,6564178118528635
-0,7689999999999998;-0,6557841018882123
-0,7679999999999998;-0,6551499093269353
-0,7669999999999998;-0,6545152311832609
-0,7659999999999998;-0,6538800645234122
-0,7649999999999998;-0,6532444064646895
-0,7639999999999998;-0,6526082541745709
-0,7629999999999998;-0,6519716048698266
-0,7619999999999998;-0,6513344558156485
-0,7609999999999998;-0,6506968043247952
-0,7599999999999998;-0,6500586477567512
-0,7589999999999998;-0,6494199835169001
-0,7579999999999998;-0,6487808090557137
-0,7569999999999998;-0,6481411218679519
-0,7559999999999998;-0,6475009194918799
-0,7549999999999998;-0,6463651492902402
-0,7539999999999998;-0,6457349388151465
-0,7529999999999998;-0,6451039744385941
-0,7519999999999998;-0,6444722584297988
-0,7509999999999998;-0,6438397930136773
-0,7499999999999998;-0,64320658037158
-0,7489999999999998;-0,6425726226420139
-0,7479999999999998;-0,6419379219213559
-0,7469999999999998;-0,6413024802645547
-0,7459999999999998;-0,6406662996858231
-0,7449999999999998;-0,6400293821593207
-0,7439999999999998;-0,639391729619826
-0,7429999999999998;-0,6387533439633997
-0,7419999999999998;-0,6381142270480373
-0,7409999999999998;-0,6374743806943135
-0,7399999999999998;-0,6368338066860162
-0,7389999999999998;-0,636192506770772
-0,7379999999999998;-0,6355504826606623
-0,7369999999999998;-0,6349077360328305
-0,7359999999999998;-0,6342642685300806
-0,7349999999999998;-0,6336200817614663
-0,7339999999999998;-0,6329751773028729
-0,7329999999999998;-0,6323295566975891
-0,7319999999999998;-0,6316832214568714
-0,7309999999999998;-0,6310361730605004
-0,7299999999999998;-0,6303884129573283
-0,7289999999999998;-0,6297399425658186
-0,7279999999999998;-0,6290907632745777
-0,7269999999999998;-0,6284408764428796
-0,7259999999999998;-0,6277902834011817
-0,7249999999999998;-0,627138985451633
-0,7239999999999998;-0,6264869838685766
-0,7229999999999998;-0,6258342798990416
-0,7219999999999998;-0,6251808747632313
-0,7209999999999998;-0,6245267696550011
-0,7199999999999998;-0,6238719657423314
-0,7189999999999998;-0,6232164641677924
-0,7179999999999997;-0,6225602660490023
-0,7169999999999997;-0,6219033724790787
-0,7159999999999997;-0,6216900106312985
-0,7149999999999997;-0,6210225133660089
-0,7139999999999997;-0,6203545024834968
-0,7129999999999997;-0,6196859757613566
-0,7119999999999997;-0,6190169310085369
-0,7109999999999997;-0,6183473660649309
-0,7099999999999997;-0,6176772788009728
-0,7089999999999997;-0,6170066671172391
-0,7079999999999997;-0,6163355289440552
-0,7069999999999997;-0,6156638622411067
-0,7059999999999997;-0,6149916649970564
-0,7049999999999997;-0,6143189352291651
-0,7039999999999997;-0,6136456709829191
-0,7029999999999997;-0,6129718703316605
-0,7019999999999997;-0,612297531376224
-0,7009999999999997;-0,6116226522445775
-0,6999999999999997;-0,6109472310914679
-0,6989999999999997;-0,6102712660980709
-0,6979999999999997;-0,6095947554716468
-0,6969999999999997;-0,6089176974451983
-0,6959999999999997;-0,6082400902771361
-0,6949999999999997;-0,607561932250946
-0,6939999999999997;-0,6068832216748622
-0,6929999999999997;-0,606203956881544
-0,6919999999999997;-0,6055241362277576
-0,6909999999999997;-0,6048437580940612
-0,6899999999999997;-0,6041628208844952
-0,6889999999999997;-0,6034813230262761
-0,6879999999999997;-0,6027992629694943
-0,6869999999999997;-0,6021166391868162
-0,6859999999999997;-0,6014334501731909
-0,6849999999999997;-0,6007496944455597
-0,6839999999999997;-0,6000653705425704
-0,6829999999999997;-0,5993804770242949
-0,6819999999999997;-0,5986950124719514
-0,6809999999999997;-0,5980089754876297
-0,6799999999999997;-0,5973223646940199
-0,6789999999999997;-0,5966351787341465
-0,6779999999999997;-0,595947416271104
-0,6769999999999997;-0,5952590759877978
-0,6759999999999997;-0,5945701565866873
-0,6749999999999997;-0,5938806567895341
-0,6739999999999997;-0,593190575337152
-0,6729999999999997;-0,5924999109891621
-0,6719999999999997;-0,5918086625237498
-0,6709999999999997;-0,5911168287374262
-0,6699999999999997;-0,5904244084447925
-0,6689999999999997;-0,5897314004783075
-0,6679999999999997;-0,589037803688059
-0,6669999999999997;-0,5883436169415371
-0,6659999999999997;-0,5876488391234127
-0,6649999999999997;-0,5869534691353169
-0,6639999999999997;-0,5862575058956252
-0,6629999999999997;-0,5851930460273385
-0,6619999999999997;-0,5845030419530073
-0,6609999999999997;-0,5838123130618703
-0,6599999999999997;-0,5831208604549701
-0,6589999999999997;-0,5824286852172588
-0,6579999999999997;-0,5817357884178296
-0,6569999999999997;-0,5810421711101468
-0,6559999999999997;-0,5803478343322722
-0,6549999999999997;-0,5796527791070909
-0,6539999999999997;-0,5789570064425329
-0,6529999999999997;-0,5782605173317943
-0,6519999999999997;-0,5775633127535544
-0,6509999999999997;-0,5768653936721931
-0,6499999999999997;-0,576166761038003
-0,6489999999999997;-0,575467415787402
-0,6479999999999997;-0,5747673588431423
-0,6469999999999997;-0,5740665911145179
-0,6459999999999997;-0,573365113497569
-0,6449999999999997;-0,5726629268752864
-0,6439999999999997;-0,5719600321178112
-0,6429999999999997;-0,5712564300826346
-0,6419999999999997;-0,5705521216147941
-0,6409999999999997;-0,5698471075470689
-0,6399999999999997;-0,5691413887001725
-0,6389999999999997;-0,5684349658829436
-0,6379999999999997;-0,5677278398925354
-0,6369999999999997;-0,5670200115146018
-0,6359999999999997;-0,5663114815234833
-0,6349999999999997;-0,5656022506823897
-0,6339999999999997;-0,564892319743581
-0,6329999999999997;-0,5641816894485476
-0,6319999999999997;-0,5634703605281873
-0,6309999999999997;-0,562758333702981
-0,6299999999999997;-0,5620456096831665
-0,6289999999999997;-0,5613321891689107
-0,6279999999999997;-0,5606180728504798
-0,6269999999999997;-0,5599032614084077
-0,6259999999999997;-0,5591877555136628
-0,6249999999999997;-0,5584715558278128
-0,6239999999999997;-0,5577546630031884
-0,6229999999999997;-0,5570370776830441
-0,6219999999999997;-0,5563188005017186
-0,6209999999999997;-0,5555998320847929
-0,6199999999999997;-0,5548801730492467
-0,6189999999999997;-0,5541598240036134
-0,6179999999999997;-0,5534387855481329
-0,6169999999999997;-0,5527170582749036
-0,6159999999999997;-0,5519946427680325
-0,6149999999999997;-0,5512715396037835
-0,6139999999999997;-0,5505477493507239
-0,6129999999999997;-0,5498232725698704
-0,6119999999999997;-0,5490981098148322
-0,6109999999999997;-0,5483722616319536
-0,6099999999999997;-0,5476457285604549
-0,6089999999999997;-0,5469185111325708
-0,6079999999999997;-0,5461906098736893
-0,6069999999999997;-0,5454620253024871
-0,6059999999999997;-0,5447327579310648
-0,6049999999999996;-0,5440028082650801
-0,6039999999999996;-0,5432721768038802
-0,6029999999999996;-0,5425408640406316
-0,6019999999999996;-0,54180887046245
-0,6009999999999996;-0,5410761965505275
-0,5999999999999996;-0,5403428427802595
-0,5989999999999996;-0,539608809621369
-0,5979999999999996;-0,5388740975380314
-0,5969999999999996;-0,5381387069889955
-0,5959999999999996;-0,5374026384277056
-0,5949999999999996;-0,536665892302421
-0,5939999999999996;-0,5359284690563342
-0,5929999999999996;-0,5351903691276878
-0,5919999999999996;-0,5347361347592482
-0,5909999999999996;-0,533991440095548
-0,5899999999999996;-0,5332461579974104
-0,5889999999999996;-0,5325002875539402
-0,5879999999999996;-0,5317538278677784
-0,5869999999999996;-0,5310067780550001
-0,5859999999999996;-0,5302591372450142
-0,5849999999999996;-0,529510904580463
-0,5839999999999996;-0,5287620792171239
-0,5829999999999996;-0,5280126603238104
-0,5819999999999996;-0,5272626470822761
-0,5809999999999996;-0,5265120386871175
-0,5799999999999996;-0,5257608343456797
-0,5789999999999996;-0,525009033277961
-0,5779999999999996;-0,5242566347165206
-0,5769999999999996;-0,5235036379063851
-0,5759999999999996;-0,522750042104957
-0,5749999999999996;-0,5219958465819244
-0,5739999999999996;-0,5212410506191706
-0,5729999999999996;-0,520485653510685
-0,5719999999999996;-0,5197296545624752
-0,5709999999999996;-0,5189730530924797
-0,5699999999999996;-0,518215848430481
-0,5689999999999996;-0,5174580399180203
-0,5679999999999996;-0,5166996269083127
-0,5669999999999996;-0,5159406087661633
-0,5659999999999996;-0,5151809848678837
-0,5649999999999996;-0,5144207546012098
-0,5639999999999996;-0,513659917365221
-0,5629999999999996;-0,5128984725702583
-0,5619999999999996;-0,5121364196378456
-0,5609999999999996;-0,5113737580006097
-0,5599999999999996;-0,5106104871022025
-0,5589999999999996;-0,5098466063972236
-0,5579999999999996;-0,5090821153511431
-0,5569999999999996;-0,5083170134402264
-0,5559999999999996;-0,5075513001514581
-0,5549999999999996;-0,5067849749824684
-0,5539999999999996;-0,5060180374414591
-0,5529999999999996;-0,5052504870471307
-0,5519999999999996;-0,5044823233286104
-0,5509999999999996;-0,5037135458253805
-0,5499999999999996;-0,5029441540872083
-0,5489999999999996;-0,5021741476740752
-0,5479999999999996;-0,5014035261561084
-0,5469999999999996;-0,5006322891135122
-0,5459999999999996;-0,4998604361364999
-0,5449999999999996;-0,4990879668252271
-0,5439999999999996;-0,49831488078972536
-0,5429999999999996;-0,4975411776498363
-0,5419999999999996;-0,496766857035147
-0,5409999999999996;-0,49599191858492553
-0,5399999999999996;-0,49521636194805735
-0,5389999999999996;-0,49444018678298257
-0,5379999999999996;-0,49366339275763377
-0,5369999999999996;-0,49288597954937413
-0,5359999999999996;-0,492107946844937
-0,5349999999999996;-0,49132929434036543
-0,5339999999999996;-0,4905500217409525
-0,5329999999999996;-0,4897701287611828
-0,5319999999999996;-0,4889896151246736
-0,5309999999999996;-0,4882084805641178
-0,5299999999999996;-0,4874267248212264
-0,5289999999999996;-0,48664434764667264
-0,5279999999999996;-0,48586134880003573
-0,5269999999999996;-0,48507772804974614
-0,5259999999999996;-0,48429348517303095
-0,5249999999999996;-0,4835086199558598
-0,5239999999999996;-0,4827231321928918
-0,5229999999999996;-0,4819370216874228
-0,5219999999999996;-0,48115028825133305
-0,5209999999999996;-0,48036293170503597
-0,5199999999999996;-0,4795749518774271
-0,5189999999999996;-0,47878634860583374
-0,5179999999999996;-0,47799712173596515
-0,5169999999999996;-0,4772072711218634
-0,5159999999999996;-0,47641679662585473
-0,5149999999999996;-0,4756256981185013
-0,5139999999999996;-0,47483397547855405
-0,5129999999999996;-0,4740416285929052
-0,5119999999999996;-0,4732486573565424
-0,5109999999999996;-0,4724550616725024
-0,5099999999999996;-0,47166084145182574
-0,5089999999999996;-0,4708659966135123
-0,5079999999999996;-0,4700705270844766
-0,5069999999999996;-0,46927443279950437
-0,5059999999999996;-0,468477713701209
-0,5049999999999996;-0,46768036973998905
-0,5039999999999996;-0,46688240087398597
-0,5029999999999996;-0,4660838070690424
-0,5019999999999996;-0,4652845882986609
-0,5009999999999996;-0,46448474454396327
-0,49999999999999956;-0,46368427579365046
-0,49899999999999956;-0,4628831820439626
-0,49799999999999955;-0,4620814632986401
-0,49699999999999955;-0,46127911956888445
-0,49599999999999955;-0,46047615087332033
-0,49499999999999955;-0,45967255723795764
-0,49399999999999955;-0,45886833869615407
-0,49299999999999955;-0,45806349528857837
-0,49199999999999955;-0,45707033607731984
-0,49099999999999955;-0,45626764867934844
-0,48999999999999955;-0,4554642815425963
-0,48899999999999955;-0,45466023551649826
-0,48799999999999955;-0,45385551144813124
-0,48699999999999954;-0,4530501101822766
-0,48599999999999954;-0,4522440325614817
-0,48499999999999954;-0,4514372794261219
-0,48399999999999954;-0,4506298516144614
-0,48299999999999954;-0,4498217499627144
-0,48199999999999954;-0,44901297530510526
-0,48099999999999954;-0,4482035284739291
-0,47999999999999954;-0,44739341029961105
-0,47899999999999954;-0,44658262161076634
-0,47799999999999954;-0,44577116323425886
-0,47699999999999954;-0,4449590359952603
-0,47599999999999953;-0,44414624071730846
-0,47499999999999953;-0,4433327782223652
-0,47399999999999953;-0,4425186493308745
-0,47299999999999953;-0,44170385486181946
-0,47199999999999953;-0,44088839563277965
-0,47099999999999953;-0,44007227245998776
-0,46999999999999953;-0,43925548615838583
-0,46899999999999953;-0,4384380375416814
-0,4679999999999995;-0,4376199274224034
-0,4669999999999995;-0,436801156611957
-0,4659999999999995;-0,4359817259206792
-0,4649999999999995;-0,43516163615789294
-0,4639999999999995;-0,43434088813196203
-0,4629999999999995;-0,4335194826503447
-0,4619999999999995;-0,4326974205196475
-0,4609999999999995;-0,4318747025456785
-0,4599999999999995;-0,43105132953350056
-0,4589999999999995;-0,4302273022874836
-0,4579999999999995;-0,42940262161135745
-0,4569999999999995;-0,4285772883082632
-0,4559999999999995;-0,42775130318080556
-0,4549999999999995;-0,42692466703110377
-0,4539999999999995;-0,42609738066084285
-0,4529999999999995;-0,42526944487132406
-0,4519999999999995;-0,4244408604635156
-0,4509999999999995;-0,42361162823810217
-0,4499999999999995;-0,42278174899553533
-0,4489999999999995;-0,42195122353608217
-0,4479999999999995;-0,42112005265987495
-0,4469999999999995;-0,4202882371669596
-0,4459999999999995;-0,41945577785734406
-0,4449999999999995;-0,41862267553104654
-0,4439999999999995;-0,41778893098814307
-0,4429999999999995;-0,4169545450288153
-0,4419999999999995;-0,4161195184533973
-0,4409999999999995;-0,4152838520624224
-0,4399999999999995;-0,41444754665667005
-0,4389999999999995;-0,4136106030372115
-0,4379999999999995;-0,41277302200545574
-0,4369999999999995;-0,4119348043631956
-0,4359999999999995;-0,411095950912652
-0,4349999999999995;-0,41025646245651987
-0,4339999999999995;-0,40941633979801195
-0,4329999999999995;-0,4085755837409035
-0,4319999999999995;-0,4077341950895762
-0,4309999999999995;-0,40689217464906163
-0,4299999999999995;-0,4060495232250848
-0,4289999999999995;-0,4052062416241071
-0,4279999999999995;-0,404362330653369
-0,4269999999999995;-0,4035177911209326
-0,4259999999999995;-0,40267262383572344
-0,4249999999999995;-0,4018268296075726
-0,4239999999999995;-0,400980409247258
-0,4229999999999995;-0,4001333635665456
-0,4219999999999995;-0,3992856933782305
-0,4209999999999995;-0,39843739949617707
-0,4199999999999995;-0,39758848273535957
-0,4189999999999995;-0,396738943911902
-0,4179999999999995;-0,3958887838431177
-0,4169999999999995;-0,3950380033475488
-0,4159999999999995;-0,3941866032450052
-0,4149999999999995;-0,3933345843566034
-0,4139999999999995;-0,3924819475048048
-0,4129999999999995;-0,39162869351345403
-0,4119999999999995;-0,3907748232078166
-0,4109999999999995;-0,38992033741461674
-0,4099999999999995;-0,3890652369620743
-0,4089999999999995;-0,3882095226799421
-0,4079999999999995;-0,3873531953995422
-0,4069999999999995;-0,3864962559538026
-0,4059999999999995;-0,3856387051772931
-0,40499999999999947;-0,38478054390626115
-0,40399999999999947;-0,38392177297866736
-0,40299999999999947;-0,38306239323422075
-0,40199999999999947;-0,3822024055144134
-0,40099999999999947;-0,38134181066255546
-0,39999999999999947;-0,3804806095238091
-0,39899999999999947;-0,37961880294522266
-0,39799999999999947;-0,37875639177576464
-0,39699999999999946;-0,3778933768663568
-0,39599999999999946;-0,3770297590699075
-0,39499999999999946;-0,3761655392413445
-0,39399999999999946;-0,3753007182376477
-0,39299999999999946;-0,3744352969178814
-0,39199999999999946;-0,3735692761432262
-0,39099999999999946;-0,37270265677701087
-0,38999999999999946;-0,3718354396847438
-0,38899999999999946;-0,37096762573414416
-0,38799999999999946;-0,37009921579517274
-0,38699999999999946;-0,3692302107400627
-0,38599999999999945;-0,3683606114433497
-0,38499999999999945;-0,3674904187819022
-0,38399999999999945;-0,36661963363495115
-0,38299999999999945;-0,36574825688411927
-0,38199999999999945;-0,3648762894134506
-0,38099999999999945;-0,3640037321094394
-0,37999999999999945;-0,36313058586105856
-0,37899999999999945;-0,36225685155978815
-0,37799999999999945;-0,3613825300996437
-0,37699999999999945;-0,3605076223772038
-0,37599999999999945;-0,3596321292916378
-0,37499999999999944;-0,3587560517447331
-0,37399999999999944;-0,35787939064092206
-0,37299999999999944;-0,35700214688730914
-0,37199999999999944;-0,3561243213936969
-0,37099999999999944;-0,3552459150726124
-0,36999999999999944;-0,3543669288393333
-0,36899999999999944;-0,3534873636119135
-0,36799999999999944;-0,35260722031120845
-0,36699999999999944;-0,3517264998609002
-0,36599999999999944;-0,35084520318752266
-0,36499999999999944;-0,3499633312204858
-0,36399999999999944;-0,34908088489210026
-0,36299999999999943;-0,3481978651376014
-0,36199999999999943;-0,34731427289517325
-0,36099999999999943;-0,34643010910597166
-0,35999999999999943;-0,3455453747141481
-0,35899999999999943;-0,3446600706668723
-0,35799999999999943;-0,3437741979143555
-0,35699999999999943;-0,34288775740987243
-0,35599999999999943;-0,342000750109784
-0,3549999999999994;-0,34111317697355914
-0,3539999999999994;-0,3402250389637965
-0,3529999999999994;-0,3393363370462462
-0,3519999999999994;-0,3384470721898308
-0,3509999999999994;-0,3375572453666662
-0,3499999999999994;-0,3366668575520828
-0,3489999999999994;-0,3357759097246457
-0,3479999999999994;-0,3348844028661748
-0,3469999999999994;-0,33399233796176514
-0,3459999999999994;-0,3331845235760613
-0,3449999999999994;-0,3322896445931245
-0,3439999999999994;-0,33139423986537764
-0,3429999999999994;-0,33049830996865476
-0,3419999999999994;-0,3296018554870459
-0,3409999999999994;-0,328704877012873
-0,3399999999999994;-0,32780737514666614
-0,3389999999999994;-0,32690935049713926
-0,3379999999999994;-0,3260108036811664
-0,3369999999999994;-0,32511173532375753
-0,3359999999999994;-0,32421214605803467
-0,3349999999999994;-0,3233120365252078
-0,3339999999999994;-0,32241140737455093
-0,3329999999999994;-0,32151025926337806
-0,3319999999999994;-0,3206085928570192
-0,3309999999999994;-0,3197064088287963
-0,3299999999999994;-0,31880370785999945
-0,3289999999999994;-0,3179004906398626
-0,3279999999999994;-0,3169967578655397
-0,3269999999999994;-0,31609251024208085
-0,3259999999999994;-0,315187748482408
-0,3249999999999994;-0,31428247330729114
-0,3239999999999994;-0,31337668544532427
-0,3229999999999994;-0,31247038563290136
-0,3219999999999994;-0,31156357461419254
-0,3209999999999994;-0,31065625314111966
-0,3199999999999994;-0,3097484219733328
-0,3189999999999994;-0,3088400818781859
-0,3179999999999994;-0,30793123363071306
-0,3169999999999994;-0,3070218780136042
-0,3159999999999994;-0,30611201581718134
-0,3149999999999994;-0,3052016478393744
-0,3139999999999994;-0,30429077488569756
-0,3129999999999994;-0,30337939776922473
-0,3119999999999994;-0,30246751731056587
-0,3109999999999994;-0,301555134337843
-0,3099999999999994;-0,3006422496866661
-0,3089999999999994;-0,29972886420010925
-0,3079999999999994;-0,2988149787286864
-0,3069999999999994;-0,2979005941303275
-0,3059999999999994;-0,2969857112703546
-0,3049999999999994;-0,29607033102145774
-0,3039999999999994;-0,2951544542636709
-0,3029999999999994;-0,294238081884348
-0,3019999999999994;-0,29332121477813916
-0,3009999999999994;-0,2924038538469663
-0,2999999999999994;-0,2914859999999994
-0,2989999999999994;-0,29056765415363256
-0,2979999999999994;-0,2896488172314597
-0,2969999999999994;-0,2887294901642508
-0,2959999999999994;-0,28780967388992795
-0,2949999999999994;-0,2868893693535411
-0,2939999999999994;-0,28596857750724425
-0,29299999999999937;-0,28504729931027134
-0,29199999999999937;-0,28412553572891247
-0,29099999999999937;-0,2832032877364896
-0,28999999999999937;-0,28228055631333276
-0,28899999999999937;-0,28135734244675586
-0,28799999999999937;-0,280433647131033
-0,28699999999999937;-0,27950947136737414
-0,28599999999999937;-0,2785848161639013
-0,28499999999999936;-0,2776596825356244
-0,28399999999999936;-0,27673407150441753
-0,28299999999999936;-0,27580798409899465
-0,28199999999999936;-0,2748814213548858
-0,28099999999999936;-0,27395438431441294
-0,27999999999999936;-0,2730268740266661
-0,27899999999999936;-0,2720988915474792
-0,27799999999999936;-0,2711704379394063
-0,27699999999999936;-0,27024151427169746
-0,27599999999999936;-0,2693121216202746
-0,27499999999999936;-0,26838226106770774
-0,27399999999999936;-0,26745193370319087
-0,27299999999999935;-0,26652114062251797
-0,27199999999999935;-0,26558988292805913
-0,27099999999999935;-0,26465816172873624
-0,26999999999999935;-0,2637259781399994
-0,26899999999999935;-0,26279333328380255
-0,26799999999999935;-0,26186022828857963
-0,26699999999999935;-0,2609266642892208
-0,26599999999999935;-0,25999264242704795
-0,26499999999999935;-0,2590581638497911
-0,26399999999999935;-0,2581232297115642
-0,26299999999999935;-0,2571878411728413
-0,26199999999999934;-0,2562519994004325
-0,26099999999999934;-0,2553157055674596
-0,25999999999999934;-0,2543789608533327
-0,25899999999999934;-0,25344176644372585
-0,25799999999999934;-0,25250412353055296
-0,25699999999999934;-0,2515660333119441
-0,25599999999999934;-0,25062749699222125
-0,25499999999999934;-0,24968851578187437
-0,25399999999999934;-0,24874909089753752
-0,25299999999999934;-0,24780922356196464
-0,25199999999999934;-0,24686891500400576
-0,25099999999999933;-0,2459281664585829
-0,24999999999999933;-0,24498697916666604
-0,24899999999999933;-0,24404535437524918
-0,24799999999999933;-0,2431032933373263
-0,24699999999999933;-0,24216079731186743
-0,24599999999999933;-0,24121786756379457
-0,24499999999999933;-0,2402745053639577
-0,24399999999999933;-0,23933071198911082
-0,24299999999999933;-0,23838648872188797
-0,24199999999999933;-0,2374418368507791
-0,24099999999999933;-0,23649675767010622
-0,23999999999999932;-0,23555125247999936
-0,23899999999999932;-0,23460532258637248
-0,23799999999999932;-0,23365896930089963
-0,23699999999999932;-0,23271219394099077
-0,23599999999999932;-0,2317649978297679
-0,23499999999999932;-0,230817382296041
-0,23399999999999932;-0,22986934867428416
-0,23299999999999932;-0,2289208983046113
-0,23199999999999932;-0,22797203253275242
-0,23099999999999932;-0,22702275271002956
-0,22999999999999932;-0,22607306019333268
-0,22899999999999932;-0,22512295634509583
-0,22799999999999931;-0,22417244253327295
-0,2269999999999993;-0,22322152013131408
-0,2259999999999993;-0,2222701905181412
-0,2249999999999993;-0,22131845507812434
-0,2239999999999993;-0,22036631520105748
-0,2229999999999993;-0,2194137722821346
-0,2219999999999993;-0,21846082772192574
-0,2209999999999993;-0,21750748292635289
-0,2199999999999993;-0,216553739306666
-0,2189999999999993;-0,21559959827941913
-0,2179999999999993;-0,21464506126644628
-0,2169999999999993;-0,21369012969483742
-0,2159999999999993;-0,21273480499691452
-0,2149999999999993;-0,21177908861020767
-0,2139999999999993;-0,2108229819774308
-0,2129999999999993;-0,20986648654645793
-0,2119999999999993;-0,20890960377029907
-0,2109999999999993;-0,2079523351070762
-0,2099999999999993;-0,20699468201999932
-0,2089999999999993;-0,20603664597734245
-0,2079999999999993;-0,2050782284524196
-0,2069999999999993;-0,20411943092356072
-0,2059999999999993;-0,20316025487408787
-0,2049999999999993;-0,202200701792291
-0,2039999999999993;-0,20124077317140412
-0,2029999999999993;-0,20028047050958125
-0,2019999999999993;-0,19931979530987237
-0,2009999999999993;-0,19835874908019951
-0,1999999999999993;-0,19739733333333265
-0,1989999999999993;-0,1964355495868658
-0,1979999999999993;-0,1954733993631929
-0,1969999999999993;-0,19451088418948403
-0,19599999999999929;-0,19354800559766117
-0,19499999999999929;-0,1925847651243743
-0,19399999999999928;-0,19162116431097745
-0,19299999999999928;-0,19065720470350458
-0,19199999999999928;-0,1896928878526457
-0,19099999999999928;-0,18872821531372283
-0,18999999999999928;-0,18776318864666597
-0,18899999999999928;-0,1867978094159891
-0,18799999999999928;-0,18583207919076625
-0,18699999999999928;-0,18486599954460736
-0,18599999999999928;-0,1838995720556345
-0,18499999999999928;-0,18293279830645764
-0,18399999999999928;-0,18196567988415077
-0,18299999999999927;-0,1809982183802279
-0,18199999999999927;-0,18003041539061904
-0,18099999999999927;-0,17906227251564616
-0,17999999999999927;-0,17809379135999928
-0,17899999999999927;-0,17712497353271242
-0,17799999999999927;-0,17615582064713955
-0,17699999999999927;-0,1751863343209307
-0,17599999999999927;-0,17421651617600784
-0,17499999999999927;-0,17324636783854094
-0,17399999999999927;-0,1722758909389241
-0,17299999999999927;-0,17130508711175121
-0,17199999999999926;-0,17033395799579235
-0,17099999999999926;-0,16936250523396948
-0,16999999999999926;-0,1683907304733326
-0,16899999999999926;-0,16741863536503576
-0,16799999999999926;-0,16644622156431288
-0,16699999999999926;-0,165473490730454
-0,16599999999999926;-0,16450044452678114
-0,16499999999999926;-0,1635270846206243
-0,16399999999999926;-0,1625534126832974
-0,16299999999999926;-0,16157943039007455
-0,16199999999999926;-0,1606051394201657
-0,16099999999999925;-0,1596305414566928
-0,15999999999999925;-0,15865563818666595
-0,15899999999999925;-0,15768043130095907
-0,15799999999999925;-0,1567049224942862
-0,15699999999999925;-0,15572911346517734
-0,15599999999999925;-0,15475300591595448
-0,15499999999999925;-0,1537766015527076
-0,15399999999999925;-0,15279990208527072
-0,15299999999999925;-0,15182290922719788
-0,15199999999999925;-0,150845624695739
-0,15099999999999925;-0,14986805021181612
-0,14999999999999925;-0,14889018749999927
-0,14899999999999924;-0,1479120382884824
-0,14799999999999924;-0,14693360430905952
-0,14699999999999924;-0,14595488729710066
-0,14599999999999924;-0,1449758889915278
-0,14499999999999924;-0,14399661113479093
-0,14399999999999924;-0,14300467199999925
-0,14299999999999924;-0,1420252643333326
-0,14199999999999924;-0,14104557066666593
-0,14099999999999924;-0,14006559299999924
-0,13999999999999924;-0,1390853333333326
-0,13899999999999924;-0,13810479366666592
-0,13799999999999923;-0,13712397599999926
-0,13699999999999923;-0,13614288233333258
-0,13599999999999923;-0,13516151466666593
-0,13499999999999923;-0,13417987499999925
-0,13399999999999923;-0,13319796533333259
-0,13299999999999923;-0,13221578766666592
-0,13199999999999923;-0,13123334399999925
-0,13099999999999923;-0,1302506363333326
-0,12999999999999923;-0,12926766666666592
-0,12899999999999923;-0,12828443699999925
-0,12799999999999923;-0,12730094933333258
-0,12699999999999922;-0,1263172056666659
-0,12599999999999922;-0,12533320799999922
-0,12499999999999922;-0,12434895833333257
-0,12399999999999922;-0,1233644586666659
-0,12299999999999922;-0,12237971099999924
-0,12199999999999922;-0,12139471733333257
-0,12099999999999922;-0,1204094796666659
-0,11999999999999922;-0,11942399999999923
-0,11899999999999922;-0,11843828033333256
-0,11799999999999922;-0,1174523226666659
-0,11699999999999922;-0,11646612899999922
-0,11599999999999921;-0,11547970133333256
-0,11499999999999921;-0,11449304166666589
-0,11399999999999921;-0,11350615199999922
-0,11299999999999921;-0,11251903433333256
-0,11199999999999921;-0,11153169066666589
-0,11099999999999921;-0,11054412299999922
-0,10999999999999921;-0,10955633333333255
-0,10899999999999921;-0,10856832366666588
-0,10799999999999921;-0,10758009599999922
-0,1069999999999992;-0,10659165233333255
-0,1059999999999992;-0,10560299466666588
-0,1049999999999992;-0,10461412499999921
-0,1039999999999992;-0,10362504533333254
-0,1029999999999992;-0,10263575766666588
-0,1019999999999992;-0,10164626399999921
-0,1009999999999992;-0,10065656633333254
-0,0999999999999992;-0,09966666666666588
-0,0989999999999992;-0,0986765669999992
-0,0979999999999992;-0,09768626933333253
-0,0969999999999992;-0,09669577566666587
-0,0959999999999992;-0,0957050879999992
-0,0949999999999992;-0,09471420833333254
-0,0939999999999992;-0,09372313866666587
-0,0929999999999992;-0,0927318809999992
-0,0919999999999992;-0,09174043733333254
-0,09099999999999919;-0,09074880966666586
-0,08999999999999919;-0,0897569999999992
-0,08899999999999919;-0,08876501033333253
-0,08799999999999919;-0,08777284266666587
-0,08699999999999919;-0,08678049899999919
-0,08599999999999919;-0,08578798133333253
-0,08499999999999919;-0,08479529166666586
-0,08399999999999919;-0,08380243199999919
-0,08299999999999919;-0,08280940433333253
-0,08199999999999918;-0,08181621066666586
-0,08099999999999918;-0,0808228529999992
-0,07999999999999918;-0,07982933333333252
-0,07899999999999918;-0,07883565366666585
-0,07799999999999918;-0,07784181599999919
-0,07699999999999918;-0,07684782233333252
-0,07599999999999918;-0,07585367466666586
-0,07499999999999918;-0,07485937499999919
-0,07399999999999918;-0,07386492533333251
-0,07299999999999918;-0,07287032766666585
-0,07199999999999918;-0,07187558399999917
-0,07099999999999917;-0,07088069633333251
-0,06999999999999917;-0,06988566666666585
-0,06899999999999917;-0,06889049699999918
-0,06799999999999917;-0,06789518933333251
-0,06699999999999917;-0,06689974566666584
-0,06599999999999917;-0,06590416799999918
-0,06499999999999917;-0,0649084583333325
-0,06399999999999917;-0,06391261866666584
-0,06299999999999917;-0,06291665099999917
-0,06199999999999917;-0,0619205573333325
-0,060999999999999166;-0,060924339666665835
-0,059999999999999165;-0,05992799999999917
-0,058999999999999164;-0,0589315403333325
-0,05799999999999916;-0,05793496266666583
-0,05699999999999916;-0,05693826899999917
-0,05599999999999916;-0,0559414613333325
-0,05499999999999916;-0,05494454166666583
-0,05399999999999916;-0,05394751199999916
-0,05299999999999916;-0,052950374333332495
-0,05199999999999916;-0,05195313066666583
-0,05099999999999916;-0,05095578299999916
-0,049999999999999156;-0,049958333333332494
-0,048999999999999155;-0,04896078366666583
-0,047999999999999154;-0,04796313599999916
-0,046999999999999154;-0,04696539233333249
-0,04599999999999915;-0,04596755466666582
-0,04499999999999915;-0,04496962499999915
-0,04399999999999915;-0,043971605333332484
-0,04299999999999915;-0,04297349766666582
-0,04199999999999915;-0,04197530399999915
-0,04099999999999915;-0,040977026333332486
-0,03999999999999915;-0,039978666666665816
-0,038999999999999146;-0,038980226999999146
-0,037999999999999146;-0,03798170933333248
-0,036999999999999145;-0,03698311566666581
-0,035999999999999144;-0,03598444799999914
-0,03499999999999914;-0,03498570833333248
-0,03399999999999914;-0,03398689866666581
-0,03299999999999914;-0,03298802099999914
-0,03199999999999914;-0,03198907733333248
-0,03099999999999914;-0,030990069666665808
-0,02999999999999914;-0,02999099999999914
-0,028999999999999138;-0,028991870333332472
-0,027999999999999137;-0,027992682666665804
-0,026999999999999136;-0,026993438999999137
-0,025999999999999135;-0,025994141333332468
-0,024999999999999134;-0,0249947916666658
-0,023999999999999133;-0,023995391999999133
-0,022999999999999132;-0,022995944333332467
-0,02199999999999913;-0,0219964506666658
-0,02099999999999913;-0,02099691299999913
-0,01999999999999913;-0,019997333333332465
-0,01899999999999913;-0,018997713666665795
-0,017999999999999128;-0,017998055999999128
-0,016999999999999127;-0,016998362333332462
-0,015999999999999126;-0,015998634666665793
-0,014999999999999125;-0,014998874999999126
-0,013999999999999124;-0,013999085333332459
-0,012999999999999123;-0,01299926766666579
-0,011999999999999122;-0,011999423999999122
-0,010999999999999122;-0,010999556333332454
-0,00999999999999912;-0,009999666666665788
-0,00899999999999912;-0,00899975699999912
-0,007999999999999119;-0,007999829333332452
-0,006999999999999119;-0,006999885666665786
-0,005999999999999119;-0,005999927999999119
-0,004999999999999119;-0,0049999583333324524
-0,003999999999999119;-0,0039999786666657855
-0,002999999999999119;-0,002999990999999119
-0,001999999999999119;-0,0019999973333324522
-0,0009999999999991188;-0,0009999999999991188
8,81239525796218E-16;8,81239525796218E-16
0,0010000000000008813;0,0009999996666675479
0,0020000000000008813;0,0019999973333342147
0,0030000000000008813;0,0029999910000008813
0,004000000000000881;0,003999978666667548
0,005000000000000881;0,004999958333334215
0,006000000000000881;0,005999928000000881
0,007000000000000881;0,006999885666667548
0,008000000000000881;0,007999829333334214
0,009000000000000882;0,008999757000000882
0,010000000000000883;0,00999966666666755
0,011000000000000884;0,010999556333334217
0,012000000000000885;0,011999424000000885
0,013000000000000886;0,012999267666667553
0,014000000000000887;0,01399908533333422
0,015000000000000888;0,014998875000000888
0,01600000000000089;0,015998634666667556
0,01700000000000089;0,01699836233333422
0,01800000000000089;0,01799805600000089
0,01900000000000089;0,018997713666667557
0,020000000000000892;0,019997333333334224
0,021000000000000893;0,020996913000000894
0,022000000000000894;0,02199645066666756
0,023000000000000895;0,02299594433333423
0,024000000000000896;0,023995392000000896
0,025000000000000897;0,024994791666667564
0,026000000000000897;0,02599414133333423
0,0270000000000009;0,026993439000000896
0,0280000000000009;0,027992682666667566
0,0290000000000009;0,02899187033333423
0,0300000000000009;0,0299910000000009
0,031000000000000902;0,030990069666667567
0,0320000000000009;0,03198907733333423
0,033000000000000904;0,0329880210000009
0,034000000000000904;0,03398689866666757
0,035000000000000905;0,03498570833333424
0,036000000000000906;0,035984448000000904
0,03700000000000091;0,03698311566666757
0,03800000000000091;0,03798170933333424
0,03900000000000091;0,03898022700000091
0,04000000000000091;0,03997866666666758
0,04100000000000091;0,04097702633333424
0,04200000000000091;0,04197530400000091
0,04300000000000091;0,042973497666667575
0,04400000000000091;0,043971605333334246
0,045000000000000914;0,044969625000000915
0,046000000000000915;0,04596755466666758
0,047000000000000916;0,04696539233333425
0,04800000000000092;0,04796313600000091
0,04900000000000092;0,04896078366666758
0,05000000000000092;0,04995833333333425
0,05100000000000092;0,05095578300000092
0,05200000000000092;0,05195313066666758
0,05300000000000092;0,05295037433333425
0,05400000000000092;0,05394751200000092
0,05500000000000092;0,05494454166666759
0,056000000000000924;0,055941461333334254
0,057000000000000925;0,05693826900000092
0,058000000000000926;0,05793496266666759
0,05900000000000093;0,058931540333334254
0,06000000000000093;0,059928000000000925
0,06100000000000093;0,06092433966666759
0,06200000000000093;0,06192055733333426
0,06300000000000093;0,06291665100000092
0,06400000000000093;0,0639126186666676
0,06500000000000093;0,06490845833333427
0,06600000000000093;0,06590416800000093
0,06700000000000093;0,06689974566666759
0,06800000000000093;0,06789518933333426
0,06900000000000094;0,06889049700000092
0,07000000000000094;0,0698856666666676
0,07100000000000094;0,07088069633333427
0,07200000000000094;0,07187558400000094
0,07300000000000094;0,0728703276666676
0,07400000000000094;0,07386492533333427
0,07500000000000094;0,07485937500000094
0,07600000000000094;0,0758536746666676
0,07700000000000094;0,07684782233333427
0,07800000000000094;0,07784181600000094
0,07900000000000094;0,0788356536666676
0,08000000000000095;0,07982933333333428
0,08100000000000095;0,08082285300000094
0,08200000000000095;0,08181621066666761
0,08300000000000095;0,08280940433333428
0,08400000000000095;0,08380243200000094
0,08500000000000095;0,0847952916666676
0,08600000000000095;0,08578798133333428
0,08700000000000095;0,08678049900000094
0,08800000000000095;0,08777284266666761
0,08900000000000095;0,08876501033333428
0,09000000000000095;0,08975700000000095
0,09100000000000096;0,09074880966666761
0,09200000000000096;0,09174043733333428
0,09300000000000096;0,09273188100000095
0,09400000000000096;0,09372313866666762
0,09500000000000096;0,09471420833333428
0,09600000000000096;0,09570508800000095
0,09700000000000096;0,09669577566666762
0,09800000000000096;0,09768626933333428
0,09900000000000096;0,09867656700000095
0,10000000000000096;0,09966666666666762
0,10100000000000096;0,1006565663333343
0,10200000000000096;0,10164626400000096
0,10300000000000097;0,10263575766666762
0,10400000000000097;0,10362504533333429
0,10500000000000097;0,10461412500000096
0,10600000000000097;0,10560299466666763
0,10700000000000097;0,10659165233333429
0,10800000000000097;0,10758009600000096
0,10900000000000097;0,10856832366666763
0,11000000000000097;0,1095563333333343
0,11100000000000097;0,11054412300000097
0,11200000000000097;0,11153169066666763
0,11300000000000097;0,1125190343333343
0,11400000000000098;0,11350615200000096
0,11500000000000098;0,11449304166666763
0,11600000000000098;0,1154797013333343
0,11700000000000098;0,11646612900000096
0,11800000000000098;0,11745232266666764
0,11900000000000098;0,1184382803333343
0,12000000000000098;0,11942400000000096
0,12100000000000098;0,12040947966666764
0,12200000000000098;0,1213947173333343
0,12300000000000098;0,12237971100000097
0,12400000000000098;0,12336445866666763
0,12500000000000097;0,12434895833333429
0,12600000000000097;0,12533320800000095
0,12700000000000097;0,12631720566666763
0,12800000000000097;0,1273009493333343
0,12900000000000097;0,12828443700000097
0,13000000000000098;0,1292676666666676
0,13100000000000098;0,13025063633333428
0,13200000000000098;0,13123334400000097
0,13300000000000098;0,13221578766666764
0,13400000000000098;0,1331979653333343
0,13500000000000098;0,13417987500000098
0,13600000000000098;0,13516151466666762
0,13700000000000098;0,1361428823333343
0,13800000000000098;0,13712397600000095
0,13900000000000098;0,13810479366666764
0,14000000000000098;0,1390853333333343
0,14100000000000099;0,14006559300000096
0,142000000000001;0,14104557066666765
0,143000000000001;0,1420252643333343
0,144000000000001;0,14300467200000097
0,145000000000001;0,14399661113479265
0,146000000000001;0,1449758889915295
0,147000000000001;0,14595488729710238
0,148000000000001;0,14693360430906124
0,149000000000001;0,1479120382884841
0,150000000000001;0,14889018750000096
0,151000000000001;0,14986805021181784
0,152000000000001;0,1508456246957407
0,153000000000001;0,15182290922719957
0,154000000000001;0,15279990208527244
0,155000000000001;0,1537766015527093
0,156000000000001;0,15475300591595617
0,157000000000001;0,15572911346517904
0,158000000000001;0,1567049224942879
0,159000000000001;0,15768043130096077
0,160000000000001;0,15865563818666764
0,161000000000001;0,1596305414566945
0,162000000000001;0,16060513942016738
0,163000000000001;0,16157943039007625
0,164000000000001;0,16255341268329912
0,165000000000001;0,16352708462062598
0,166000000000001;0,16450044452678284
0,167000000000001;0,16547349073045572
0,168000000000001;0,16644622156431457
0,169000000000001;0,16741863536503745
0,170000000000001;0,1683907304733343
0,171000000000001;0,16936250523397117
0,172000000000001;0,17033395799579404
0,17300000000000101;0,1713050871117529
0,17400000000000101;0,17227589093892579
0,17500000000000102;0,17324636783854266
0,17600000000000102;0,17421651617600953
0,17700000000000102;0,1751863343209324
0,17800000000000102;0,17615582064714125
0,17900000000000102;0,17712497353271411
0,18000000000000102;0,17809379136000097
0,18100000000000102;0,17906227251564785
0,18200000000000102;0,18003041539062073
0,18300000000000102;0,1809982183802296
0,18400000000000102;0,18196567988415246
0,18500000000000102;0,1829327983064593
0,18600000000000103;0,1838995720556362
0,18700000000000103;0,18486599954460906
0,18800000000000103;0,1858320791907679
0,18900000000000103;0,18679780941599078
0,19000000000000103;0,18776318864666766
0,19100000000000103;0,18872821531372452
0,19200000000000103;0,1896928878526474
0,19300000000000103;0,19065720470350625
0,19400000000000103;0,19162116431097914
0,19500000000000103;0,192584765124376
0,19600000000000103;0,19354800559766286
0,19700000000000104;0,19451088418948573
0,19800000000000104;0,1954733993631946
0,19900000000000104;0,19643554958686746
0,20000000000000104;0,19739733333333434
0,20100000000000104;0,1983587490802012
0,20200000000000104;0,19931979530987406
0,20300000000000104;0,20028047050958292
0,20400000000000104;0,2012407731714058
0,20500000000000104;0,20220070179229266
0,20600000000000104;0,20316025487408954
0,20700000000000104;0,2041194309235624
0,20800000000000105;0,20507822845242127
0,20900000000000105;0,20603664597734414
0,21000000000000105;0,20699468202000101
0,21100000000000105;0,20795233510707786
0,21200000000000105;0,20890960377030074
0,21300000000000105;0,2098664865464596
0,21400000000000105;0,21082298197743246
0,21500000000000105;0,21177908861020933
0,21600000000000105;0,21273480499691622
0,21700000000000105;0,21369012969483908
0,21800000000000105;0,21464506126644795
0,21900000000000105;0,2155995982794208
0,22000000000000106;0,2165537393066677
0,22100000000000106;0,21750748292635455
0,22200000000000106;0,2184608277219274
0,22300000000000106;0,21941377228213627
0,22400000000000106;0,22036631520105915
0,22500000000000106;0,221318455078126
0,22600000000000106;0,22227019051814287
0,22700000000000106;0,22322152013131574
0,22800000000000106;0,22417244253327462
0,22900000000000106;0,2251229563450975
0,23000000000000106;0,22607306019333434
0,23100000000000107;0,22702275271003122
0,23200000000000107;0,22797203253275408
0,23300000000000107;0,22892089830461296
0,23400000000000107;0,22986934867428582
0,23500000000000107;0,23081738229604268
0,23600000000000107;0,23176499782976956
0,23700000000000107;0,2327121939409924
0,23800000000000107;0,23365896930090127
0,23900000000000107;0,23460532258637415
0,24000000000000107;0,23555125248000103
0,24100000000000107;0,2364967576701079
0,24200000000000108;0,23744183685078074
0,24300000000000108;0,2383864887218896
0,24400000000000108;0,2393307119891125
0,24500000000000108;0,24027450536395936
0,24600000000000108;0,2412178675637962
0,24700000000000108;0,2421607973118691
0,24800000000000108;0,24310329333732794
0,24900000000000108;0,24404535437525082
0,25000000000000105;0,24498697916666767
0,25100000000000106;0,24592816645858454
0,25200000000000106;0,2468689150040074
0,25300000000000106;0,24780922356196627
0,25400000000000106;0,24874909089753913
0,25500000000000106;0,249688515781876
0,25600000000000106;0,25062749699222286
0,25700000000000106;0,2515660333119457
0,25800000000000106;0,25250412353055457
0,25900000000000106;0,25344176644372746
0,26000000000000106;0,25437896085333433
0,26100000000000106;0,2553157055674612
0,26200000000000107;0,2562519994004341
0,26300000000000107;0,25718784117284293
0,26400000000000107;0,2581232297115658
0,26500000000000107;0,2590581638497927
0,26600000000000107;0,25999264242704956
0,26700000000000107;0,2609266642892224
0,26800000000000107;0,26186022828858124
0,26900000000000107;0,2627933332838041
0,2700000000000011;0,263725978140001
0,2710000000000011;0,26465816172873785
0,2720000000000011;0,26558988292806074
0,2730000000000011;0,2665211406225196
0,2740000000000011;0,2674519337031925
0,2750000000000011;0,26838226106770935
0,2760000000000011;0,2693121216202762
0,2770000000000011;0,27024151427169907
0,2780000000000011;0,2711704379394079
0,2790000000000011;0,2720988915474808
0,2800000000000011;0,27302687402666764
0,2810000000000011;0,27395438431441455
0,2820000000000011;0,2748814213548874
0,2830000000000011;0,27580798409899626
0,2840000000000011;0,27673407150441914
0,2850000000000011;0,277659682535626
0,2860000000000011;0,27858481616390285
0,2870000000000011;0,27950947136737575
0,2880000000000011;0,2804336471310346
0,2890000000000011;0,2813573424467575
0,2900000000000011;0,2822805563133343
0,2910000000000011;0,2832032877364912
0,2920000000000011;0,2841255357289141
0,2930000000000011;0,28504729931027295
0,2940000000000011;0,2859685775072458
0,2950000000000011;0,2868893693535427
0,2960000000000011;0,28780967388992956
0,2970000000000011;0,2887294901642524
0,2980000000000011;0,2896488172314613
0,2990000000000011;0,29056765415363417
0,3000000000000011;0,291486000000001
0,3010000000000011;0,2924038538469679
0,3020000000000011;0,29332121477814077
0,3030000000000011;0,29423808188434963
0,3040000000000011;0,2951544542636725
0,3050000000000011;0,29607033102145935
0,3060000000000011;0,2969857112703562
0,3070000000000011;0,2979005941303291
0,3080000000000011;0,29881497872868795
0,3090000000000011;0,2997288642001108
0,3100000000000011;0,3006422496866677
0,3110000000000011;0,30155513433784453
0,3120000000000011;0,3024675173105674
0,3130000000000011;0,3033793977692263
0,3140000000000011;0,30429077488569917
0,3150000000000011;0,30520164783937603
0,3160000000000011;0,3061120158171829
0,3170000000000011;0,30702187801360575
0,3180000000000011;0,3079312336307146
0,3190000000000011;0,30884008187818746
0,3200000000000011;0,30974842197333435
0,3210000000000011;0,3106562531411212
0,3220000000000011;0,3115635746141941
0,3230000000000011;0,31247038563290297
0,3240000000000011;0,3133766854453258
0,3250000000000011;0,3142824733072927
0,3260000000000011;0,31518774848240955
0,3270000000000011;0,3160925102420824
0,3280000000000011;0,31699675786554127
0,3290000000000011;0,31790049063986414
0,3300000000000011;0,318803707860001
0,3310000000000011;0,31970640882879786
0,3320000000000011;0,32060859285702076
0,33300000000000113;0,3215102592633796
0,33400000000000113;0,3224114073745525
0,33500000000000113;0,32331203652520935
0,33600000000000113;0,3242121460580362
0,33700000000000113;0,3251117353237591
0,33800000000000113;0,32601080368116797
0,33900000000000113;0,3269093504971408
0,34000000000000113;0,3278073751466677
0,34100000000000114;0,32870487701287454
0,34200000000000114;0,3296018554870474
0,34300000000000114;0,3304983099686563
0,34400000000000114;0,33139423986537914
0,34500000000000114;0,33228964459312604
0,34600000000000114;0,3331845235760629
0,34700000000000114;0,3339923379617667
0,34800000000000114;0,3348844028661764
0,34900000000000114;0,3357759097246472
0,35000000000000114;0,33666685755208436
0,35100000000000114;0,3375572453666677
0,35200000000000115;0,3384470721898323
0,35300000000000115;0,33933633704624777
0,35400000000000115;0,3402250389637981
0,35500000000000115;0,34111317697356064
0,35600000000000115;0,3420007501097855
0,35700000000000115;0,34288775740987393
0,35800000000000115;0,343774197914357
0,35900000000000115;0,3446600706668738
0,36000000000000115;0,3455453747141496
0,36100000000000115;0,34643010910597316
0,36200000000000115;0,3473142728951748
0,36300000000000116;0,348197865137603
0,36400000000000116;0,34908088489210176
0,36500000000000116;0,3499633312204873
0,36600000000000116;0,35084520318752416
0,36700000000000116;0,35172649986090176
0,36800000000000116;0,35260722031121
0,36900000000000116;0,3534873636119151
0,37000000000000116;0,35436692883933485
0,37100000000000116;0,3552459150726139
0,37200000000000116;0,3561243213936984
0,37300000000000116;0,35700214688731063
0,37400000000000116;0,35787939064092356
0,37500000000000117;0,35875605174473457
0,37600000000000117;0,3596321292916393
0,37700000000000117;0,3605076223772053
0,37800000000000117;0,3613825300996452
0,37900000000000117;0,3622568515597897
0,38000000000000117;0,36313058586106006
0,38100000000000117;0,3640037321094409
0,38200000000000117;0,3648762894134522
0,3830000000000012;0,36574825688412077
0,3840000000000012;0,36661963363495265
0,3850000000000012;0,3674904187819037
0,3860000000000012;0,3683606114433512
0,3870000000000012;0,3692302107400642
0,3880000000000012;0,37009921579517424
0,3890000000000012;0,37096762573414566
0,3900000000000012;0,3718354396847453
0,3910000000000012;0,37270265677701236
0,3920000000000012;0,3735692761432277
0,3930000000000012;0,3744352969178829
0,3940000000000012;0,3753007182376492
0,3950000000000012;0,376165539241346
0,3960000000000012;0,377029759069909
0,3970000000000012;0,37789337686635827
0,3980000000000012;0,37875639177576614
0,3990000000000012;0,37961880294522415
0,4000000000000012;0,3804806095238106
0,4010000000000012;0,38134181066255696
0,4020000000000012;0,38220240551441487
0,4030000000000012;0,3830623932342222
0,4040000000000012;0,38392177297866886
0,4050000000000012;0,3847805439062626
0,4060000000000012;0,3856387051772946
0,4070000000000012;0,3864962559538041
0,4080000000000012;0,38735319539954366
0,4090000000000012;0,3882095226799436
0,4100000000000012;0,3890652369620758
0,4110000000000012;0,3899203374146182
0,4120000000000012;0,3907748232078181
0,4130000000000012;0,3916286935134555
0,4140000000000012;0,3924819475048063
0,4150000000000012;0,3933345843566049
0,4160000000000012;0,3941866032450067
0,4170000000000012;0,3950380033475503
0,4180000000000012;0,39588878384311915
0,4190000000000012;0,39673894391190345
0,4200000000000012;0,397588482735361
0,4210000000000012;0,3984373994961785
0,4220000000000012;0,39928569337823194
0,4230000000000012;0,4001333635665471
0,4240000000000012;0,4009804092472594
0,4250000000000012;0,40182682960757404
0,4260000000000012;0,4026726238357249
0,4270000000000012;0,40351779112093406
0,4280000000000012;0,40436233065337046
0,4290000000000012;0,40520624162410857
0,4300000000000012;0,40604952322508625
0,4310000000000012;0,4068921746490631
0,4320000000000012;0,40773419508957764
0,4330000000000012;0,40857558374090497
0,4340000000000012;0,4094163397980134
0,4350000000000012;0,4102564624565213
0,4360000000000012;0,41109595091265344
0,4370000000000012;0,411934804363197
0,4380000000000012;0,4127730220054572
0,4390000000000012;0,41361060303721287
0,4400000000000012;0,4144475466566715
0,4410000000000012;0,41528385206242385
0,4420000000000012;0,4161195184533987
0,4430000000000012;0,41695454502881674
0,4440000000000012;0,4177889309881445
0,44500000000000123;0,4186226755310479
0,44600000000000123;0,4194557778573455
0,44700000000000123;0,42028823716696107
0,44800000000000123;0,4211200526598764
0,44900000000000123;0,4219512235360836
0,45000000000000123;0,4227817489955367
0,45100000000000123;0,4236116282381036
0,45200000000000123;0,42444086046351703
0,45300000000000124;0,4252694448713255
0,45400000000000124;0,4260973806608443
0,45500000000000124;0,4269246670311052
0,45600000000000124;0,427751303180807
0,45700000000000124;0,42857728830826464
0,45800000000000124;0,42940262161135884
0,45900000000000124;0,43022730228748507
0,46000000000000124;0,431051329533502
0,46100000000000124;0,43187470254567994
0,46200000000000124;0,4326974205196489
0,46300000000000124;0,4335194826503461
0,46400000000000124;0,4343408881319634
0,46500000000000125;0,4351616361578944
0,46600000000000125;0,4359817259206806
0,46700000000000125;0,43680115661195845
0,46800000000000125;0,4376199274224048
0,46900000000000125;0,43843803754168287
0,47000000000000125;0,4392554861583872
0,47100000000000125;0,44007227245998914
0,47200000000000125;0,44088839563278104
0,47300000000000125;0,44170385486182084
0,47400000000000125;0,4425186493308759
0,47500000000000125;0,4433327782223666
0,47600000000000126;0,44414624071730985
0,47700000000000126;0,4449590359952617
0,47800000000000126;0,44577116323426025
0,47900000000000126;0,4465826216107677
0,48000000000000126;0,44739341029961244
0,48100000000000126;0,44820352847393047
0,48200000000000126;0,4490129753051067
0,48300000000000126;0,4498217499627158
0,48400000000000126;0,4506298516144628
0,48500000000000126;0,4514372794261233
0,48600000000000126;0,4522440325614831
0,48700000000000127;0,453050110182278
0,48800000000000127;0,45385551144813263
0,48900000000000127;0,45466023551649964
0,49000000000000127;0,45546428154259766
0,49100000000000127;0,4562676486793498
0,49200000000000127;0,4570703360773212
0,49300000000000127;0,45806349528857976
0,49400000000000127;0,4588683386961555
0,4950000000000013;0,459672557237959
0,4960000000000013;0,4604761508733217
0,4970000000000013;0,46127911956888584
0,4980000000000013;0,46208146329864147
0,4990000000000013;0,462883182043964
0,5000000000000012;0,4636842757936518
0,5010000000000012;0,4644847445439646
0,5020000000000012;0,4652845882986622
0,5030000000000012;0,46608380706904373
0,5040000000000012;0,4668824008739873
0,5050000000000012;0,4676803697399904
0,5060000000000012;0,46847771370121033
0,5070000000000012;0,4692744327995057
0,5080000000000012;0,47007052708447794
0,5090000000000012;0,47086599661351364
0,5100000000000012;0,4716608414518271
0,5110000000000012;0,4724550616725037
0,5120000000000012;0,47324865735654376
0,5130000000000012;0,47404162859290655
0,5140000000000012;0,4748339754785553
0,5150000000000012;0,47562569811850264
0,5160000000000012;0,476416796625856
0,5170000000000012;0,47720727112186473
0,5180000000000012;0,4779971217359665
0,5190000000000012;0,4787863486058351
0,5200000000000012;0,47957495187742843
0,5210000000000012;0,4803629317050373
0,5220000000000012;0,4811502882513344
0,5230000000000012;0,48193702168742414
0,5240000000000012;0,48272313219289315
0,5250000000000012;0,48350861995586114
0,5260000000000012;0,4842934851730323
0,5270000000000012;0,48507772804974747
0,5280000000000012;0,485861348800037
0,5290000000000012;0,4866443476466739
0,5300000000000012;0,48742672482122773
0,5310000000000012;0,4882084805641191
0,5320000000000012;0,4889896151246749
0,5330000000000013;0,4897701287611841
0,5340000000000013;0,49055002174095386
0,5350000000000013;0,4913292943403667
0,5360000000000013;0,4921079468449383
0,5370000000000013;0,4928859795493754
0,5380000000000013;0,49366339275763504
0,5390000000000013;0,4944401867829839
0,5400000000000013;0,4952163619480586
0,5410000000000013;0,49599191858492686
0,5420000000000013;0,49676685703514833
0,5430000000000013;0,49754117764983763
0,5440000000000013;0,49831488078972663
0,5450000000000013;0,4990879668252284
0,5460000000000013;0,49986043613650116
0,5470000000000013;0,5006322891135134
0,5480000000000013;0,5014035261561097
0,5490000000000013;0,5021741476740764
0,5500000000000013;0,5029441540872096
0,5510000000000013;0,5037135458253819
0,5520000000000013;0,5044823233286116
0,5530000000000013;0,505250487047132
0,5540000000000013;0,5060180374414605
0,5550000000000013;0,5067849749824698
0,5560000000000013;0,5075513001514594
0,5570000000000013;0,5083170134402277
0,5580000000000013;0,5090821153511444
0,5590000000000013;0,5098466063972248
0,5600000000000013;0,5106104871022037
0,5610000000000013;0,5113737580006109
0,5620000000000013;0,5121364196378468
0,5630000000000013;0,5128984725702597
0,5640000000000013;0,5136599173652223
0,5650000000000013;0,5144207546012112
0,5660000000000013;0,5151809848678849
0,5670000000000013;0,5159406087661647
0,5680000000000013;0,5166996269083141
0,5690000000000013;0,5174580399180215
0,5700000000000013;0,5182158484304822
0,5710000000000013;0,518973053092481
0,5720000000000013;0,5197296545624766
0,5730000000000013;0,5204856535106862
0,5740000000000013;0,5212410506191718
0,5750000000000013;0,5219958465819257
0,5760000000000013;0,5227500421049583
0,5770000000000013;0,5235036379063863
0,5780000000000013;0,5242566347165218
0,5790000000000013;0,5250090332779623
0,5800000000000013;0,5257608343456809
0,5810000000000013;0,5265120386871187
0,5820000000000013;0,5272626470822773
0,5830000000000013;0,5280126603238117
0,5840000000000013;0,5287620792171251
0,5850000000000013;0,5295109045804642
0,5860000000000013;0,5302591372450154
0,5870000000000013;0,5310067780550013
0,5880000000000013;0,5317538278677796
0,5890000000000013;0,5325002875539415
0,5900000000000013;0,5332461579974117
0,5910000000000013;0,5339914400955492
0,5920000000000013;0,5347361347592494
0,5930000000000013;0,535190369127689
0,5940000000000013;0,5359284690563354
0,5950000000000013;0,5366658923024222
0,5960000000000013;0,5374026384277069
0,5970000000000013;0,5381387069889967
0,5980000000000013;0,5388740975380326
0,5990000000000013;0,5396088096213703
0,6000000000000013;0,5403428427802607
0,6010000000000013;0,5410761965505287
0,6020000000000013;0,5418088704624512
0,6030000000000013;0,5425408640406328
0,6040000000000013;0,5432721768038814
0,6050000000000013;0,5440028082650813
0,6060000000000013;0,5447327579310659
0,6070000000000013;0,5454620253024882
0,6080000000000013;0,5461906098736905
0,6090000000000013;0,5469185111325721
0,6100000000000013;0,5476457285604561
0,6110000000000013;0,5483722616319548
0,6120000000000013;0,5490981098148334
0,6130000000000013;0,5498232725698716
0,6140000000000013;0,5505477493507251
0,6150000000000013;0,5512715396037846
0,6160000000000013;0,5519946427680337
0,6170000000000013;0,5527170582749048
0,6180000000000013;0,553438785548134
0,6190000000000013;0,5541598240036146
0,6200000000000013;0,554880173049248
0,6210000000000013;0,5555998320847941
0,6220000000000013;0,5563188005017198
0,6230000000000013;0,5570370776830452
0,6240000000000013;0,5577546630031895
0,6250000000000013;0,558471555827814
0,6260000000000013;0,559187755513664
0,6270000000000013;0,5599032614084088
0,6280000000000013;0,5606180728504809
0,6290000000000013;0,5613321891689118
0,6300000000000013;0,5620456096831676
0,6310000000000013;0,5627583337029822
0,6320000000000013;0,5634703605281886
0,6330000000000013;0,5641816894485489
0,6340000000000013;0,5648923197435821
0,6350000000000013;0,5656022506823908
0,6360000000000013;0,5663114815234845
0,6370000000000013;0,567020011514603
0,6380000000000013;0,5677278398925366
0,6390000000000013;0,5684349658829448
0,6400000000000013;0,5691413887001736
0,6410000000000013;0,56984710754707
0,6420000000000013;0,5705521216147953
0,6430000000000013;0,5712564300826358
0,6440000000000013;0,5719600321178124
0,6450000000000014;0,5726629268752875
0,6460000000000014;0,5733651134975701
0,6470000000000014;0,574066591114519
0,6480000000000014;0,5747673588431436
0,6490000000000014;0,5754674157874032
0,6500000000000014;0,5761667610380042
0,6510000000000014;0,5768653936721944
0,6520000000000014;0,5775633127535557
0,6530000000000014;0,5782605173317954
0,6540000000000014;0,5789570064425341
0,6550000000000014;0,579652779107092
0,6560000000000014;0,5803478343322733
0,6570000000000014;0,5810421711101479
0,6580000000000014;0,5817357884178308
0,6590000000000014;0,5824286852172599
0,6600000000000014;0,5831208604549712
0,6610000000000014;0,5838123130618714
0,6620000000000014;0,5845030419530084
0,6630000000000014;0,5851930460273396
0,6640000000000014;0,5862575058956263
0,6650000000000014;0,586953469135318
0,6660000000000014;0,5876488391234138
0,6670000000000014;0,5883436169415382
0,6680000000000014;0,5890378036880601
0,6690000000000014;0,5897314004783087
0,6700000000000014;0,5904244084447936
0,6710000000000014;0,5911168287374273
0,6720000000000014;0,591808662523751
0,6730000000000014;0,5924999109891632
0,6740000000000014;0,5931905753371531
0,6750000000000014;0,5938806567895352
0,6760000000000014;0,5945701565866884
0,6770000000000014;0,5952590759877989
0,6780000000000014;0,5959474162711053
0,6790000000000014;0,5966351787341477
0,6800000000000014;0,597322364694021
0,6810000000000014;0,5980089754876308
0,6820000000000014;0,5986950124719526
0,6830000000000014;0,5993804770242961
0,6840000000000014;0,6000653705425715
0,6850000000000014;0,6007496944455608
0,6860000000000014;0,601433450173192
0,6870000000000014;0,6021166391868173
0,6880000000000014;0,6027992629694954
0,6890000000000014;0,6034813230262773
0,6900000000000014;0,6041628208844965
0,6910000000000014;0,6048437580940623
0,6920000000000014;0,6055241362277587
0,6930000000000014;0,6062039568815452
0,6940000000000014;0,6068832216748633
0,6950000000000014;0,6075619322509471
0,6960000000000014;0,6082400902771372
0,6970000000000014;0,6089176974451994
0,6980000000000014;0,6095947554716479
0,6990000000000014;0,610271266098072
0,7000000000000014;0,610947231091469
0,7010000000000014;0,6116226522445786
0,7020000000000014;0,6122975313762251
0,7030000000000014;0,6129718703316616
0,7040000000000014;0,6136456709829202
0,7050000000000014;0,6143189352291663
0,7060000000000014;0,6149916649970575
0,7070000000000014;0,6156638622411078
0,7080000000000014;0,6163355289440563
0,7090000000000014;0,6170066671172402
0,7100000000000014;0,6176772788009739
0,7110000000000014;0,6183473660649321
0,7120000000000014;0,619016931008538
0,7130000000000014;0,6196859757613578
0,7140000000000014;0,6203545024834979
0,7150000000000014;0,6210225133660099
0,7160000000000014;0,6216900106312996
0,7170000000000014;0,6219033724790798
0,7180000000000014;0,6225602660490034
0,7190000000000014;0,6232164641677935
0,7200000000000014;0,6238719657423325
0,7210000000000014;0,6245267696550022
0,7220000000000014;0,6251808747632324
0,7230000000000014;0,6258342798990427
0,7240000000000014;0,6264869838685776
0,7250000000000014;0,6271389854516342
0,7260000000000014;0,6277902834011827
0,7270000000000014;0,6284408764428807
0,7280000000000014;0,6290907632745787
0,7290000000000014;0,6297399425658196
0,7300000000000014;0,6303884129573294
0,7310000000000014;0,6310361730605015
0,7320000000000014;0,6316832214568725
0,7330000000000014;0,6323295566975902
0,7340000000000014;0,632975177302874
0,7350000000000014;0,6336200817614674
0,7360000000000014;0,6342642685300817
0,7370000000000014;0,6349077360328316
0,7380000000000014;0,6355504826606633
0,7390000000000014;0,636192506770773
0,7400000000000014;0,6368338066860173
0,7410000000000014;0,6374743806943146
0,7420000000000014;0,6381142270480384
0,7430000000000014;0,6387533439634008
0,7440000000000014;0,6393917296198272
0,7450000000000014;0,6400293821593217
0,7460000000000014;0,6406662996858242
0,7470000000000014;0,6413024802645557
0,7480000000000014;0,641937921921357
0,7490000000000014;0,642572622642015
0,7500000000000014;0,643206580371581
0,7510000000000014;0,6438397930136783
0,7520000000000014;0,6444722584297999
0,7530000000000014;0,6451039744385951
0,7540000000000014;0,6457349388151477
0,7550000000000014;0,6463651492902414
0,7560000000000014;0,647500919491881
0,7570000000000014;0,648141121867953
0,7580000000000015;0,6487808090557147
0,7590000000000015;0,6494199835169012
0,7600000000000015;0,6500586477567522
0,7610000000000015;0,6506968043247963
0,7620000000000015;0,6513344558156495
0,7630000000000015;0,6519716048698277
0,7640000000000015;0,652608254174572
0,7650000000000015;0,6532444064646906
0,7660000000000015;0,6538800645234132
0,7670000000000015;0,654515231183262
0,7680000000000015;0,6551499093269364
0,7690000000000015;0,6557841018882133
0,7700000000000015;0,6564178118528645
0,7710000000000015;0,6570510422595871
0,7720000000000015;0,6576837962009523
0,7730000000000015;0,6583160768243694
0,7740000000000015;0,6589478873330672
0,7750000000000015;0,6595792309870903
0,7760000000000015;0,6602101111043152
0,7770000000000015;0,6608405310614813
0,7780000000000015;0,6614704942952411
0,7790000000000015;0,6621000043032275
0,7800000000000015;0,6627290646451389
0,7810000000000015;0,6633576789438445
0,7820000000000015;0,6639858508865054
0,7830000000000015;0,6646135842257177
0,7840000000000015;0,6652408827806732
0,7850000000000015;0,6658677504383393
0,7860000000000015;0,6664941911546608
0,7870000000000015;0,6665646037402333
0,7880000000000015;0,6671766346231892
0,7890000000000015;0,6677879373613227
0,7900000000000015;0,6683985093665575
0,7910000000000015;0,6690083479861402
0,7920000000000015;0,669617450501282
0,7930000000000015;0,6702258141257744
0,7940000000000015;0,6708334360045789
0,7950000000000015;0,6714403132123895
0,7960000000000015;0,6720464427521681
0,7970000000000015;0,6726518215536518
0,7980000000000015;0,6732564464718325
0,7990000000000015;0,6738603142854074
0,8000000000000015;0,6744634216951998
0,8010000000000015;0,675065765322551
0,8020000000000015;0,6756673417076812
0,8030000000000015;0,6762681473080195
0,8040000000000015;0,6768681784965033
0,8050000000000015;0,6774674315598446
0,8060000000000015;0,6780659026967646
0,8070000000000015;0,678663588016195
0,8080000000000015;0,6792604835354458
0,8090000000000015;0,6798565851783382
0,8100000000000015;0,680451888773304
0,8110000000000015;0,6810463900514474
0,8120000000000015;0,6822405076434872
0,8130000000000015;0,6828491119967152
0,8140000000000015;0,6834572921562055
0,8150000000000015;0,6840650526958498
0,8160000000000015;0,6846723982888465
0,8170000000000015;0,6852793337099002
0,8180000000000015;0,6858858638374701
0,8190000000000015;0,6864919936560625
0,8200000000000015;0,6870977282585745
0,8210000000000015;0,6877030728486856
0,8220000000000015;0,6883080327433
0,8230000000000015;0,68891261337504
0,8240000000000015;0,6895168202947921
0,8250000000000015;0,6901206591743063
0,8260000000000015;0,6907241358088492
0,8270000000000015;0,6913272561199131
0,8280000000000015;0,6919300261579818
0,8290000000000015;0,6925324521053535
0,8300000000000015;0,6931345402790225
0,8310000000000015;0,693736297133621
0,8320000000000015;0,6937051591518753
0,8330000000000015;0,6942885532295932
0,8340000000000015;0,6948711619776575
0,8350000000000015;0,6954529803319525
0,8360000000000015;0,6960340030879762
0,8370000000000015;0,6966142248974034
0,8380000000000015;0,69719364026457
0,8390000000000015;0,6977722435428761
0,8400000000000015;0,6983500289311076
0,8410000000000015;0,6989269904696728
0,8420000000000015;0,6995031220367534
0,8430000000000015;0,7000784173443678
0,8440000000000015;0,7006528699343444
0,8450000000000015;0,7012264731742033
0,8460000000000015;0,7017992202529446
0,8470000000000015;0,70237110417674
0,8480000000000015;0,7029421177645289
0,8490000000000015;0,7041802163987338
0,8500000000000015;0,7047694166386336
0,8510000000000015;0,7053582951404529
0,8520000000000015;0,7059468595887302
0,8530000000000015;0,7065351178673365
0,8540000000000015;0,7071230780646793
0,8550000000000015;0,7077107484790361
0,8560000000000015;0,7082981376240209
0,8570000000000015;0,7088852542341862
0,8580000000000015;0,709472107270766
0,8590000000000015;0,7100587059275596
0,8600000000000015;0,7106450596369629
0,8610000000000015;0,7112311780761482
0,8620000000000015;0,7118170711733978
0,8630000000000015;0,7117094387061776
0,8640000000000015;0,7122728909603543
0,8650000000000015;0,7128354764917412
0,8660000000000015;0,7133971865611114
0,8670000000000015;0,7139580121591153
0,8680000000000015;0,7145179439986549
0,8690000000000015;0,7150769725070532
0,8700000000000015;0,7156350878180131
0,8710000000000016;0,7161922797633612
0,8720000000000016;0,7167485378645697
0,8730000000000016;0,7173038513240524
0,8740000000000016;0,7178582090162271
0,8750000000000016;0,719129122004057
0,8760000000000016;0,7197056986081491
0,8770000000000016;0,7202820688849586
0,8780000000000016;0,7208582448564301
0,8790000000000016;0,7214342389069517
0,8800000000000016;0,7220100637942445
0,8810000000000016;0,7225857326605669
0,8820000000000016;0,7231612590442418
0,8830000000000016;0,7237366568915163
0,8840000000000016;0,7243119405687621
0,8850000000000016;0,7248871248750274
0,8860000000000016;0,7247052463109418
0,8870000000000016;0,7252533390208741
0,8880000000000016;0,7258004527745763
0,8890000000000016;0,7263465734534743
0,8900000000000016;0,7268916864539998
0,8910000000000016;0,7274357766720327
0,8920000000000016;0,727978828486866
0,8930000000000016;0,7285208257446761
0,8940000000000016;0,7298127244949859
0,8950000000000016;0,7303807843284726
0,8960000000000016;0,7309487650925861
0,8970000000000016;0,7315166845111645
0,8980000000000016;0,7320845609164354
0,8990000000000016;0,7326524132697111
0,9000000000000016;0,7332202611827647
0,9010000000000016;0,7337881249399063
0,9020000000000016;0,7335830588474146
0,9030000000000016;0,7341204525503622
0,9040000000000016;0,7346567544238145
0,9050000000000016;0,7351919440503581
0,9060000000000016;0,7357260002348391
0,9070000000000016;0,7362589009763267
0,9080000000000016;0,7367906234391014
0,9090000000000016;0,7381130286282865
0,9100000000000016;0,7386752020120297
0,9110000000000016;0,7392374500889085
0,9120000000000016;0,7397997983683167
0,9130000000000016;0,7403622733411553
0,9140000000000016;0,7409249025171297
0,9150000000000016;0,7406853751701998
0,9160000000000016;0,7412134816928152
0,9170000000000016;0,7417403524359637
0,9180000000000016;0,7422659584551086
0,9190000000000016;0,7427902695930108
0,9200000000000016;0,7433132544311755
0,9210000000000016;0,7446702158220257
0,9220000000000016;0,7452284540388334
0,9230000000000016;0,74578694873153
0,9240000000000016;0,7463457356796026
0,9250000000000016;0,7469048521870962
0,9260000000000016;0,7466116220110208
0,9270000000000016;0,7471310076634174
0,9280000000000016;0,7476489670557326
0,9290000000000016;0,7481654594001022
0,9300000000000016;0,749528684821863
0,9310000000000016;0,7500841432355669
0,9320000000000016;0,750640034774584
0,9330000000000016;0,7511964067781549
0,9340000000000016;0,7508938890588951
0,9350000000000016;0,7514070436573504
0,9360000000000016;0,7519185989958724
0,9370000000000016;0,7524285017407875
0,9380000000000016;0,7538233270873804
0,9390000000000016;0,754377275572058
0,9400000000000016;0,7549318874043645
0,9410000000000016;0,7546051606486105
0,9420000000000016;0,755112193483267
0,9430000000000016;0,7556174123773369
0,9440000000000016;0,7570104400485917
0,9450000000000016;0,7575631704180652
0,9460000000000016;0,7581167715974907
0,9470000000000016;0,7577616484090186
0,9480000000000016;0,7582628673909364
0,9490000000000016;0,7596497901677308
0,9500000000000016;0,7602017183099439
0,9510000000000016;0,7598801554354089
0,9520000000000016;0,7603784087654994
0,9530000000000016;0,7608744370397156
0,9540000000000016;0,7622952220244682
0,9550000000000016;0,762847656866334
0,9560000000000016;0,7624692998335237
0,9570000000000016;0,7629611995054263
0,9580000000000016;0,764396411821124
0,9590000000000016;0,7640461967695631
0,9600000000000016;0,7645355453141436
0,9610000000000016;0,7659533556680109
0,9620000000000016;0,7656064059979119
0,9630000000000016;0,766092378774263
0,9640000000000016;0,7675178386939345
0,9650000000000016;0,7671501358419257
0,9660000000000016;0,7676317719471708
0,9670000000000016;0,7690902651344166
0,9680000000000016;0,7686765893518115
0,9690000000000016;0,7701159632066614
0,9700000000000016;0,769710555484844
0,9710000000000016;0,7711481882107505
0,9720000000000016;0,7707339463559397
0,9730000000000016;0,772186918383994
0,9740000000000016;0,7717465495508053
0,9750000000000016;0,7722826371798504
0,9760000000000016;0,7737245805252195
0,9770000000000016;0,7742213116554535
0,9780000000000016;0,7738010097425282
0,9790000000000016;0,7743195609608753
0,9800000000000016;0,7748331195511584
0,9810000000000016;0,7753418276753263
0,9820000000000016;0,7758457003292217
0,9830000000000017;0,7763446287512186
0,9840000000000017;0,777806160660963
0,9850000000000017;0,7773710481972845
0,9860000000000017;0,778824374816116
0,9870000000000017;0,7783687050510605
0,9880000000000017;0,7788746641265318
0,9890000000000017;0,7803479504222607
0,9900000000000017;0,7798886948947045
0,9910000000000017;0,7803918839655243
0,9920000000000017;0,7818706993900179
0,9930000000000017;0,7814013238331918
0,9940000000000017;0,7818977119344833
0,9950000000000017;0,7833873623775334
0,9960000000000017;0,7838876377187581
0,9970000000000017;0,7834026079906736
0,9980000000000017;0,7839012644143704
0,9990000000000017;0,7853938441597448
