-10;0,5440211108892696
-9,99;0,5356033346146002
-9,98;0,5271319984524936
-9,97;0,5186079495291084
-9,96;0,5100320402438785
-9,950000000000001;0,501405128179475
-9,940000000000001;0,4927280760198338
-9,930000000000001;0,4840017514630257
-9,920000000000002;0,4752270271344785
-9,910000000000002;0,4664047804995742
-9,900000000000002;0,45753589377520276
-9,890000000000002;0,4486212538427685
-9,880000000000003;0,4396617521588347
-9,870000000000003;0,43065828466525463
-9,860000000000003;0,4216117517030108
-9,850000000000003;0,4125230579170325
-9,840000000000003;0,4033931121687844
-9,830000000000004;0,39422282744549514
-9,820000000000004;0,3850131207674803
-9,810000000000004;0,37576491309893145
-9,800000000000004;0,36647912925179216
-9,790000000000004;0,35715669779741527
-9,780000000000005;0,3477985509707953
-9,770000000000005;0,338405624578863
-9,760000000000005;0,3289788579062345
-9,750000000000005;0,31951919362199516
-9,740000000000006;0,31002757768522926
-9,730000000000006;0,30050495924846676
-9,720000000000006;0,29095229056675087
-9,710000000000006;0,2813705268979368
-9,700000000000006;0,27176062641092946
-9,690000000000007;0,2621235500878392
-9,680000000000007;0,25246026162801144
-9,670000000000007;0,24277172735300748
-9,660000000000007;0,233058916106918
-9,650000000000007;0,22332279916401993
-9,640000000000008;0,21356435012660877
-9,630000000000008;0,2037845448327788
-9,620000000000008;0,19398436125382254
-9,610000000000008;0,18416477940078235
-9,600000000000009;0,17432678122300013
-9,590000000000009;0,16447135051242381
-9,580000000000009;0,15459947280383718
-9,57000000000001;0,14471213527691912
-9,56000000000001;0,1348103266570261
-9,55000000000001;0,124895037116872
-9,54000000000001;0,11496725817672554
-9,53000000000001;0,10502798260717694
-9,52000000000001;0,09507820432640028
-9,51000000000001;0,08511891830453656
-9,50000000000001;0,07515112046193395
-9,49000000000001;0,06517580756972788
-9,480000000000011;0,055193977151231303
-9,470000000000011;0,045206627380731175
-9,460000000000012;0,03521475698546676
-9,450000000000012;0,025219365143652032
-9,440000000000012;0,015221451386487915
-9,430000000000012;0,005222015496906003
-9,420000000000012;-0,004777942590270698
-9,410000000000013;-0,014777422886737676
-9,400000000000013;-0,0247754254532942
-9,390000000000013;-0,03477095049826072
-9,380000000000013;-0,04476299847693644
-9,370000000000013;-0,05475057019288562
-9,360000000000014;-0,06473266689747385
-9,350000000000014;-0,0747082903895131
-9,340000000000014;-0,08467644311470292
-9,330000000000014;-0,09463612826613747
-9,320000000000014;-0,10458634988351587
-9,310000000000015;-0,11452611295311858
-9,300000000000015;-0,12445442350677703
-9,290000000000015;-0,13437028872237733
-9,280000000000015;-0,1442727170203923
-9,270000000000016;-0,15416071816732688
-9,260000000000016;-0,16403330337063074
-9,250000000000016;-0,17388948538067536
-9,240000000000016;-0,18372827858654342
-9,230000000000016;-0,193548699118068
-9,220000000000017;-0,20334976494071658
-9,210000000000017;-0,21313049595635136
-9,200000000000017;-0,22288991410035192
-9,190000000000017;-0,23262704343849228
-9,180000000000017;-0,24234091026597912
-9,170000000000018;-0,2520305432046131
-9,160000000000018;-0,26169497329867936
-9,150000000000018;-0,2713332341135673
-9,140000000000018;-0,2809443618310229
-9,130000000000019;-0,290527395346914
-9,120000000000019;-0,3000813763649662
-9,110000000000019;-0,3096053494957328
-9,10000000000002;-0,3190983623493055
-9,09000000000002;-0,32855946563246774
-9,08000000000002;-0,33798771324308785
-9,07000000000002;-0,3473821623643647
-9,06000000000002;-0,356741873558373
-9,05000000000002;-0,36606591086246243
-9,04000000000002;-0,3753533418805496
-9,03000000000002;-0,38460323787699974
-9,020000000000021;-0,3938146738704622
-9,010000000000021;-0,4029867287246364
-9,000000000000021;-0,41211848524185235
-8,990000000000022;-0,4212090302536199
-8,980000000000022;-0,4302574547137388
-8,970000000000022;-0,43926285378678714
-8,960000000000022;-0,44822432694051567
-8,950000000000022;-0,45714097803526904
-8,940000000000023;-0,4660119154127935
-8,930000000000023;-0,4748362519873435
-8,920000000000023;-0,4836131053323796
-8,910000000000023;-0,4923415977699182
-8,900000000000023;-0,501020856457998
-8,890000000000024;-0,5096500134778633
-8,880000000000024;-0,5182282059208264
-8,870000000000024;-0,5267545759753207
-8,860000000000024;-0,5352282710112627
-8,850000000000025;-0,5436484436659547
-8,840000000000025;-0,5520142519294983
-8,830000000000025;-0,5603248592278292
-8,820000000000025;-0,5685794345069414
-8,810000000000025;-0,5767771523167576
-8,800000000000026;-0,5849171928917869
-8,790000000000026;-0,5929987422348152
-8,780000000000026;-0,6010209921981081
-8,770000000000026;-0,6089831405629037
-8,760000000000026;-0,6168843911211054
-8,750000000000027;-0,6247239537542978
-8,740000000000027;-0,632501044512443
-8,730000000000027;-0,6402148856935677
-8,720000000000027;-0,6478647059194264
-8,710000000000027;-0,6554497402146416
-8,700000000000028;-0,6629692300820187
-8,690000000000028;-0,6704224235789917
-8,680000000000028;-0,67780857539223
-8,670000000000028;-0,6851269469129319
-8,660000000000029;-0,6923768063096107
-8,650000000000029;-0,6995574286026243
-8,640000000000029;-0,7066680957359499
-8,63000000000003;-0,7137080966485531
-8,62000000000003;-0,7206767273460443
-8,61000000000003;-0,7275732909714714
-8,60000000000003;-0,7343970978741272
-8,59000000000003;-0,741147465678825
-8,58000000000003;-0,7478237193548135
-8,57000000000003;-0,7544251912819818
-8,56000000000003;-0,7609512213187973
-8,550000000000031;-0,7674011568674248
-8,540000000000031;-0,7737743529400747
-8,530000000000031;-0,7800701722221219
-8,520000000000032;-0,7862879851369377
-8,510000000000032;-0,7924271699084963
-8,500000000000032;-0,7984871126234847
-8,490000000000032;-0,8044672072926193
-8,480000000000032;-0,8103668559112881
-8,470000000000033;-0,8161854685198332
-8,460000000000033;-0,8219224632614509
-8,450000000000033;-0,8275772664419545
-8,440000000000033;-0,8331493125853491
-8,430000000000033;-0,8386380444916874
-8,420000000000034;-0,8440429132926189
-8,410000000000034;-0,8493633785054414
-8,400000000000034;-0,8545989080881934
-8,390000000000034;-0,8597489784923443
-8,380000000000035;-0,8648130747152294
-8,370000000000035;-0,8697906903511455
-8,360000000000035;-0,8746813276429123
-8,350000000000035;-0,8794844975308631
-8,340000000000035;-0,8841997197018682
-8,330000000000036;-0,888826522637701
-8,320000000000036;-0,8933644436620826
-8,310000000000036;-0,8978130289865519
-8,300000000000036;-0,902171833756224
-8,290000000000036;-0,9064404220943942
-8,280000000000037;-0,91061836714574
-8,270000000000037;-0,914705251119122
-8,260000000000037;-0,9187006653296743
-8,250000000000037;-0,9226042102393422
-8,240000000000038;-0,9264154954967303
-8,230000000000038;-0,9301341399766351
-8,220000000000038;-0,933759771817689
-8,210000000000038;-0,9372920284596152
-8,200000000000038;-0,9407305566797712
-8,190000000000039;-0,9440750126282258
-8,180000000000039;-0,9473250618620767
-8,170000000000039;-0,950480379379321
-8,16000000000004;-0,9535406496505289
-8,15000000000004;-0,9565055666514586
-8,14000000000004;-0,9593748338927204
-8,13000000000004;-0,9621481644502871
-8,12000000000004;-0,9648252809929906
-8,11000000000004;-0,9674059158117819
-8,10000000000004;-0,9698898108450851
-8,09000000000004;-0,9722767177055116
-8,080000000000041;-0,9745663977044261
-8,070000000000041;-0,9767586218756826
-8,060000000000041;-0,978853170998787
-8,050000000000042;-0,9808498356203978
-8,040000000000042;-0,9827484160758868
-8,030000000000042;-0,9845487225086712
-8,020000000000042;-0,9862505748896264
-8,010000000000042;-0,9878538030350897
-8,000000000000043;-0,9893582466234162
-7,990000000000043;-0,9907637552114846
-7,980000000000043;-0,9920701882497147
-7,970000000000043;-0,9932774150958653
-7,9600000000000435;-0,9943853150281561
-7,950000000000044;-0,9953937772576632
-7,940000000000044;-0,9963027009388687
-7,930000000000044;-0,997111995180266
-7,920000000000044;-0,9978215790530961
-7,9100000000000446;-0,9984313815995246
-7,900000000000045;-0,9989413418397728
-7,890000000000045;-0,9993514087783371
-7,880000000000045;-0,9996615414087683
-7,870000000000045;-0,9998717087181382
-7,860000000000046;-0,9999818896898969
-7,850000000000046;-0,9999920733059432
-7,840000000000046;-0,9999022585480084
-7,830000000000046;-0,9997124543974213
-7,8200000000000465;-0,99942267983455
-7,810000000000047;-0,99903296383647
-7,800000000000047;-0,9985433453745899
-7,790000000000047;-0,9979538734102893
-7,780000000000047;-0,997264606890302
-7,7700000000000475;-0,9964756147406292
-7,760000000000048;-0,9955869758598684
-7,750000000000048;-0,9945987791111764
-7,740000000000048;-0,9935111233134208
-7,730000000000048;-0,9923241172312477
-7,720000000000049;-0,9910378795643126
-7,710000000000049;-0,9896525389351978
-7,700000000000049;-0,9881682338770418
-7,690000000000049;-0,9865851128188895
-7,6800000000000495;-0,9849033340715978
-7,67000000000005;-0,9831230658116159
-7,66000000000005;-0,9812444860643448
-7,65000000000005;-0,979267782686258
-7,64000000000005;-0,9771931533458191
-7,6300000000000505;-0,9750208055044124
-7,620000000000051;-0,972750956395013
-7,610000000000051;-0,9703838330006145
-7,600000000000051;-0,967919672031496
-7,590000000000051;-0,9653587199018137
-7,580000000000052;-0,9627012327045827
-7,570000000000052;-0,9599474761862843
-7,560000000000052;-0,9570977257204515
-7,550000000000052;-0,9541522662795235
-7,540000000000052;-0,9511113924071823
-7,530000000000053;-0,9479754081880712
-7,520000000000053;-0,9447446272181717
-7,510000000000053;-0,9414193725728613
-7,500000000000053;-0,9379999767747671
-7,4900000000000535;-0,9344867817606426
-7,480000000000054;-0,9308801388471489
-7,470000000000054;-0,9271804086953717
-7,460000000000054;-0,9233879612755789
-7,450000000000054;-0,9195031758289878
-7,440000000000055;-0,9155264408310989
-7,430000000000055;-0,9114581539520874
-7,420000000000055;-0,9072987220171843
-7,410000000000055;-0,9030485609661972
-7,400000000000055;-0,8987080958116848
-7,390000000000056;-0,8942777605964228
-7,380000000000056;-0,8897579983504104
-7,370000000000056;-0,8851492610459653
-7,360000000000056;-0,8804520095530539
-7,3500000000000565;-0,8756667135929013
-7,340000000000057;-0,8707938516911103
-7,330000000000057;-0,8658339111298161
-7,320000000000057;-0,8607873878989649
-7,310000000000057;-0,8556547866465697
-7,3000000000000576;-0,8504366206286217
-7,290000000000058;-0,8451334116572343
-7,280000000000058;-0,8397456900489872
-7,270000000000058;-0,8342739945715699
-7,260000000000058;-0,8287188723898685
-7,250000000000059;-0,8230808790115594
-7,240000000000059;-0,8173605782312094
-7,230000000000059;-0,811558542074158
-7,220000000000059;-0,8056753507392106
-7,2100000000000595;-0,7997115925406494
-7,20000000000006;-0,7936678638491933
-7,19000000000006;-0,7875447690327534
-7,18000000000006;-0,7813429203957263
-7,17000000000006;-0,7750629381176877
-7,1600000000000605;-0,7687054501917887
-7,150000000000061;-0,762271092361454
-7,140000000000061;-0,7557605080571104
-7,130000000000061;-0,7491743483317238
-7,120000000000061;-0,7425132717958339
-7,110000000000062;-0,7357779445515663
-7,100000000000062;-0,7289690401259299
-7,090000000000062;-0,7220872394037268
-7,080000000000062;-0,7151332305593899
-7,0700000000000625;-0,7081077089879316
-7,060000000000063;-0,7010113772356599
-7,050000000000063;-0,6938449449298116
-7,040000000000063;-0,686609128707702
-7,030000000000063;-0,6793046521448611
-7,0200000000000635;-0,6719322456828989
-7,010000000000064;-0,664492646556289
-7,000000000000064;-0,6569865987188387
-6,990000000000064;-0,6494148527689331
-6,980000000000064;-0,6417781658749726
-6,970000000000065;-0,6340773016992287
-6,960000000000065;-0,6263130303217084
-6,950000000000065;-0,6184861281630809
-6,940000000000065;-0,6105973779070252
-6,930000000000065;-0,6026475684220158
-6,920000000000066;-0,5946374946823662
-6,910000000000066;-0,5865679576888252
-6,900000000000066;-0,5784397643882782
-6,890000000000066;-0,5702537275933094
-6,8800000000000665;-0,5620106659008087
-6,870000000000067;-0,553711403610054
-6,860000000000067;-0,5453567706403444
-6,850000000000067;-0,5369476024480669
-6,840000000000067;-0,5284847399429894
-6,830000000000068;-0,519969029404321
-6,820000000000068;-0,5114013223960048
-6,810000000000068;-0,5027824756816109
-6,800000000000068;-0,49411335113868315
-6,790000000000068;-0,4853948156723368
-6,780000000000069;-0,47662774112896944
-6,770000000000069;-0,4678130042086192
-6,760000000000069;-0,45895148637775857
-6,750000000000069;-0,45004407378068234
-6,7400000000000695;-0,4410916571512723
-6,73000000000007;-0,4320951317237055
-6,72000000000007;-0,4230553971430521
-6,71000000000007;-0,41397335737523755
-6,70000000000007;-0,4048499206166717
-6,690000000000071;-0,39568599920339476
-6,680000000000071;-0,386482509519935
-6,670000000000071;-0,37724037190762655
-6,660000000000071;-0,36796051057245216
-6,650000000000071;-0,35864385349286076
-6,640000000000072;-0,3492913323268177
-6,630000000000072;-0,3399038823185582
-6,620000000000072;-0,33048244220538975
-6,610000000000072;-0,3210279541233554
-6,6000000000000725;-0,3115413635134516
-6,590000000000073;-0,302023619026804
-6,580000000000073;-0,29247567242994754
-6,570000000000073;-0,2828984785095731
-6,560000000000073;-0,27329299497707876
-6,5500000000000735;-0,2636601823728422
-6,540000000000074;-0,2540010039700999
-6,530000000000074;-0,24431642567861492
-6,520000000000074;-0,2346074159481493
-6,510000000000074;-0,22487494567159855
-6,500000000000075;-0,2151199880878918
-6,490000000000075;-0,2053435186846443
-6,480000000000075;-0,1955465151006167
-6,470000000000075;-0,18572995702806008
-6,4600000000000755;-0,1758948261145668
-6,450000000000076;-0,16604210586503723
-6,440000000000076;-0,15617278154328443
-6,430000000000076;-0,1462878400735253
-6,420000000000076;-0,1363882699416699
-6,4100000000000765;-0,12647506109648401
-6,400000000000077;-0,11654920485057935
-6,390000000000077;-0,10661169378130922
-6,380000000000077;-0,09666352163148839
-6,370000000000077;-0,08670568321008254
-6,360000000000078;-0,0767391742925811
-6,350000000000078;-0,06676499152163565
-6,340000000000078;-0,05678413230713876
-6,330000000000078;-0,0467975947267743
-6,320000000000078;-0,03680637742591713
-6,310000000000079;-0,026811479517970457
-6,300000000000079;-0,016813900484422196
-6,290000000000079;-0,0068146400748458425
-6,280000000000079;0,0031853017930708874
-6,2700000000000795;0,013184925133435976
-6,26000000000008;0,023183229992311847
-6,25000000000008;0,03317921654747509
-6,24000000000008;0,043171885208648356
-6,23000000000008;0,053160236717278354
-6,220000000000081;0,06314327224653968
-6,210000000000081;0,07311999350119464
-6,200000000000081;0,08308940281741485
-6,190000000000081;0,09305050326260274
-6,180000000000081;0,103002298735017
-6,170000000000082;0,11294379406339647
-6,160000000000082;0,12287399510646924
-6,150000000000082;0,13279190885243677
-6,140000000000082;0,1426965435181727
-6,1300000000000825;0,15258690864848184
-6,120000000000083;0,16246201521506928
-6,110000000000083;0,17232087571552943
-6,100000000000083;0,18216250427199893
-6,090000000000083;0,1919859167298769
-6,080000000000084;0,20179013075604513
-6,070000000000084;0,21157416593730716
-6,060000000000084;0,22133704387826605
-6,050000000000084;0,23107778829931586
-6,040000000000084;0,24079542513407912
-6,030000000000085;0,2504889826269905
-6,020000000000085;0,26015749143039
-6,010000000000085;0,2697999847014392
-6,000000000000085;0,27941549819884753
-5,9900000000000855;0,28900307037927064
-5,980000000000086;0,2985617424935112
-5,970000000000086;0,30809055868230045
-5,960000000000086;0,3175885660719523
-5,950000000000086;0,3270548148696621
-5,9400000000000865;0,33648835845842096
-5,930000000000087;0,34588825349174956
-5,920000000000087;0,3552535599879638
-5,910000000000087;0,36458334142421944
-5,900000000000087;0,37387666483016097
-5,890000000000088;0,38313260088116735
-5,880000000000088;0,3923502239913684
-5,870000000000088;0,4015286124061344
-5,860000000000088;0,41066684829425737
-5,8500000000000885;0,41976401783978623
-5,840000000000089;0,4288192113333156
-5,830000000000089;0,437831523263063
-5,820000000000089;0,4468000524053505
-5,810000000000089;0,4557239019147291
-5,8000000000000895;0,46460217941367155
-5,79000000000009;0,47343399708185513
-5,78000000000009;0,48221847174485255
-5,77000000000009;0,49095472496252435
-5,76000000000009;0,4996418831168214
-5,750000000000091;0,508279077499178
-5,740000000000091;0,5168654443973478
-5,730000000000091;0,5254001251818073
-5,720000000000091;0,5338822663915648
-5,7100000000000914;0,5423110198195981
-5,700000000000092;0,5506855425975594
-5,690000000000092;0,5590049972801732
-5,680000000000092;0,567268551928894
-5,670000000000092;0,5754753801951327
-5,6600000000000925;0,5836246614029375
-5,650000000000093;0,5917155806309421
-5,640000000000093;0,5997473287939773
-5,630000000000093;0,6077191027239167
-5,620000000000093;0,6156301052500099
-5,610000000000094;0,6234795452786074
-5,600000000000094;0,6312666378722501
-5,590000000000094;0,638990604328148
-5,580000000000094;0,6466506722561094
-5,570000000000094;0,6542460756557115
-5,560000000000095;0,6617760549929698
-5,550000000000095;0,6692398572761932
-5,540000000000095;0,6766367361313936
-5,530000000000095;0,6839659518768293
-5,5200000000000955;0,6912267715970618
-5,510000000000096;0,698418469216148
-5,500000000000096;0,7055403255703249
-5,490000000000096;0,7125916284798931
-5,480000000000096;0,7195716728204415
-5,470000000000097;0,7264797605933447
-5,460000000000097;0,7333152009955928
-5,450000000000097;0,7400773104888241
-5,440000000000097;0,7467654128677416
-5,430000000000097;0,7533788393276795
-5,420000000000098;0,7599169285314965
-5,410000000000098;0,7663790266757147
-5,400000000000098;0,7727644875559255
-5,390000000000098;0,7790726726313417
-5,3800000000000985;0,7853029510887177
-5,370000000000099;0,7914546999054054
-5,360000000000099;0,7975273039116465
-5,350000000000099;0,8035201558520949
-5,340000000000099;0,8094326564465589
-5,3300000000000995;0,815264214449906
-5,3200000000001;0,8210142467111876
-5,3100000000001;0,8266821782319744
-5,3000000000001;0,8322674422238474
-5,2900000000001;0,8377694801650368
-5,280000000000101;0,8431877418563625
-5,270000000000101;0,8485216854761469
-5,260000000000101;0,8537707776344905
-5,250000000000101;0,8589344934265415
-5,2400000000001015;0,8640123164850223
-5,230000000000102;0,8690037390318709
-5,220000000000102;0,8739082619289766
-5,210000000000102;0,8787253947281433
-5,200000000000102;0,8834546557201033
-5,1900000000001025;0,8880955719827072
-5,180000000000103;0,8926476794281852
-5,170000000000103;0,8971105228496008
-5,160000000000103;0,9014836559663127
-5,150000000000103;0,9057666414686621
-5,140000000000104;0,9099590510616657
-5,130000000000104;0,9140604655078672
-5,120000000000104;0,9180704746692235
-5,110000000000104;0,9219886775481784
-5,1000000000001044;0,9258146823276941
-5,090000000000105;0,929548106410491
-5,080000000000105;0,9331885764572585
-5,070000000000105;0,9367357284240425
-5,060000000000105;0,9401892075985898
-5,0500000000001055;0,943548668635872
-5,040000000000106;0,9468137755925712
-5,030000000000106;0,949984201960731
-5,020000000000106;0,9530596307003323
-5,010000000000106;0,956039754271088
-5,000000000000107;0,9589242746631087
-4,990000000000107;0,9617129034267647
-4,980000000000107;0,9644053617015024
-4,970000000000107;0,9670013802437388
-4,960000000000107;0,9695006994537853
-4,950000000000108;0,9719030694017927
-4,940000000000108;0,9742082498527853
-4,930000000000108;0,9764160102906262
-4,920000000000108;0,9785261299411179
-4,9100000000001085;0,9805383977940472
-4,900000000000109;0,9824526126243127
-4,890000000000109;0,9842685830120206
-4,880000000000109;0,9859861273616541
-4,870000000000109;0,987605073920198
-4,86000000000011;0,9891252607943559
-4,85000000000011;0,9905465359666962
-4,84000000000011;0,9918687573108996
-4,83000000000011;0,9930917926059205
-4,82000000000011;0,9942155195492617
-4,810000000000111;0,9952398257691502
-4,800000000000111;0,9961646088358287
-4,790000000000111;0,99698977627176
-4,780000000000111;0,9977152455608844
-4,7700000000001115;0,9983409441568836
-4,760000000000112;0,998866809490411
-4,750000000000112;0,9992927889753738
-4,740000000000112;0,9996188400141823
-4,730000000000112;0,9998449300020024
-4,7200000000001125;0,9999710363300247
-4,710000000000113;0,9999971463877207
-4,700000000000113;0,9999232575641033
-4,690000000000113;0,9997493772479952
-4,680000000000113;0,9994755228272868
-4,670000000000114;0,999101721687189
-4,660000000000114;0,9986280112075017
-4,650000000000114;0,9980544387588882
-4,640000000000114;0,9973810616981017
-4,6300000000001145;0,9966079473622954
-4,620000000000115;0,9957351730622547
-4,610000000000115;0,9947628260746878
-4,600000000000115;0,9936910036334778
-4,590000000000115;0,9925198129199749
-4,5800000000001155;0,9912493710522812
-4,570000000000116;0,9898798050735212
-4,560000000000116;0,9884112519391465
-4,550000000000116;0,9868438585032567
-4,540000000000116;0,9851777815038784
-4,530000000000117;0,9834131875473314
-4,520000000000117;0,9815502530915358
-4,510000000000117;0,9795891644283901
-4,500000000000117;0,9775301176651209
-4,4900000000001175;0,975373318704693
-4,480000000000118;0,9731189832252013
-4,470000000000118;0,9707673366583177
-4,460000000000118;0,9683186141667371
-4,450000000000118;0,9657730606206693
-4,4400000000001185;0,9631309305733475
-4,430000000000119;0,9603924882355754
-4,420000000000119;0,9575580074493051
-4,410000000000119;0,9546277716602519
-4,400000000000119;0,9516020738895532
-4,39000000000012;0,9484812167044638
-4,38000000000012;0,9452655121881003
-4,37000000000012;0,9419552819082396
-4,36000000000012;0,9385508568851499
-4,35000000000012;0,9350525775584921
-4,340000000000121;0,9314607937532873
-4,330000000000121;0,92777586464492
-4,320000000000121;0,9239981587232348
-4,310000000000121;0,9201280537556725
-4,3000000000001215;0,9161659367495041
-4,290000000000122;0,9121122039131289
-4,280000000000122;0,9079672606164575
-4,270000000000122;0,9037315213503594
-4,260000000000122;0,8994054096852306
-4,250000000000123;0,8949893582286363
-4,240000000000123;0,8904838085820441
-4,230000000000123;0,8858892112966598
-4,220000000000123;0,8812060258283831
-4,210000000000123;0,8764347204918601
-4,200000000000124;0,8715757724136499
-4,190000000000124;0,8666296674845063
-4,180000000000124;0,8615969003108044
-4,170000000000124;0,8564779741650644
-4,1600000000001245;0,8512734009356403
-4,150000000000125;0,8459837010755121
-4,140000000000125;0,8406094035502621
-4,130000000000125;0,8351510457851612
-4,120000000000125;0,8296091736114404
-4,1100000000001256;0,8239843412116973
-4,100000000000126;0,8182771110644819
-4,090000000000126;0,8124880538880571
-4,080000000000126;0,8066177485833169
-4,070000000000126;0,8006667821758942
-4,060000000000127;0,7946357497574734
-4,050000000000127;0,7885252544262739
-4,040000000000127;0,7823359072267304
-4,030000000000127;0,7760683270884127
-4,0200000000001275;0,7697231407641069
-4,010000000000128;0,7633009827671567
-4,000000000000128;0,756802495308011
-3,990000000000128;0,7502283282300045
-3,9800000000001283;0,7435791389443609
-3,9700000000001285;0,7368555923644703
-3,9600000000001288;0,7300583608393871
-3,950000000000129;0,7231881240866017
-3,940000000000129;0,7162455691240612
-3,9300000000001294;0,709231390201477
-3,9200000000001296;0,7021462887308976
-3,91000000000013;0,6949909732165636
-3,90000000000013;0,6877661591840678
-3,8900000000001302;0,6804725691087893
-3,8800000000001305;0,673110932343659
-3,8700000000001307;0,6656819850462157
-3,860000000000131;0,6581864701050035
-3,850000000000131;0,6506251370652668
-3,8400000000001313;0,6429987420540093
-3,8300000000001315;0,6353080477043774
-3,8200000000001317;0,6275538230793969
-3,810000000000132;0,6197368435950669
-3,800000000000132;0,6118578909428225
-3,7900000000001324;0,6039177530113671
-3,7800000000001326;0,5959172238078708
-3,770000000000133;0,5878571033785897
-3,760000000000133;0,5797381977288512
-3,7500000000001332;0,5715613187424528
-3,7400000000001334;0,5633272841004806
-3,7300000000001337;0,5550369171995344
-3,720000000000134;0,5466910470693997
-3,710000000000134;0,5382905082901317
-3,7000000000001343;0,5298361409086078
-3,6900000000001345;0,5213287903545213
-3,6800000000001347;0,5127693073558395
-3,670000000000135;0,5041585478537282
-3,660000000000135;0,49549737291696183
-3,6500000000001354;0,4867866486558177
-3,6400000000001356;0,47802724613546127
-3,630000000000136;0,4692200412888474
-3,620000000000136;0,46036591482911854
-3,610000000000136;0,4514657521615458
-3,6000000000001364;0,44252044329497486
-3,5900000000001366;0,4335308827528404
-3,580000000000137;0,42449796948370677
-3,570000000000137;0,41542260677137
-3,5600000000001373;0,406305702144542
-3,5500000000001375;0,39714816728608704
-3,5400000000001377;0,3879509179418566
-3,530000000000138;0,3787148738291254
-3,520000000000138;0,36944095854460507
-3,5100000000001383;0,36013009947209706
-3,5000000000001386;0,3507832276897492
-3,4900000000001388;0,34140127787695174
-3,480000000000139;0,33198518822086476
-3,470000000000139;0,32253590032261
-3,4600000000001394;0,3130543591031026
-3,4500000000001396;0,30354151270856206
-3,44000000000014;0,29399831241570173
-3,43000000000014;0,2844257125365967
-3,4200000000001403;0,2748246703232593
-3,4100000000001405;0,26519614587190843
-3,4000000000001407;0,2555411020269669
-3,390000000000141;0,2458605042847732
-3,380000000000141;0,23615532069703415
-3,3700000000001413;0,22642652177402103
-3,3600000000001415;0,2166750803875175
-3,3500000000001418;0,20690197167353774
-3,340000000000142;0,19710817293480995
-3,330000000000142;0,18729466354304247
-3,3200000000001424;0,1774624248410008
-3,3100000000001426;0,1676124400443591
-3,300000000000143;0,15774569414338951
-3,290000000000143;0,14786317380445982
-3,2800000000001432;0,137965867271369
-3,2700000000001435;0,1280547642665214
-3,2600000000001437;0,11813085589196042
-3,250000000000144;0,10819513453025162
-3,240000000000144;0,09824859374525248
-3,2300000000001443;0,08829222818275177
-3,2200000000001445;0,07832703347100928
-3,2100000000001447;0,06835400612119265
-3,200000000000145;0,05837414342772416
-3,190000000000145;0,04838844336855862
-3,1800000000001454;0,03839790450538105
-3,1700000000001456;0,028403525883749624
-3,160000000000146;0,018406306933200108
-3,150000000000146;0,008407247367294573
-3,1400000000001462;-0,0015926529163406845
-3,1300000000001464;-0,011592393936011186
-3,1200000000001467;-0,021590975725949497
-3,110000000000147;-0,031587398436307035
-3,100000000000147;-0,04158066243314344
-3,0900000000001473;-0,05156976839838724
-3,0800000000001475;-0,061553717429765446
-3,0700000000001477;-0,07153151114069624
-3,060000000000148;-0,08150215176012174
-3,050000000000148;-0,09146464223228933
-3,0400000000001484;-0,10141798631645424
-3,0300000000001486;-0,11136118868650226
-3,020000000000149;-0,1212932550304826
-3,010000000000149;-0,13121319215003635
-3,000000000000149;-0,14112000805971942
-2,9900000000001494;-0,15101271208619682
-2,9800000000001496;-0,16089031496730843
-2,97000000000015;-0,17075182895099753
-2,96000000000015;-0,1805962678940858
-2,9500000000001503;-0,19042264736087924
-2,9400000000001505;-0,20022998472162296
-2,9300000000001507;-0,21001729925075208
-2,920000000000151;-0,21978361222496914
-2,910000000000151;-0,22952794702111734
-2,9000000000001513;-0,23924932921383563
-2,8900000000001516;-0,24894678667300568
-2,8800000000001518;-0,2586193496609642
-2,870000000000152;-0,26826605092947153
-2,860000000000152;-0,27788592581643995
-2,8500000000001524;-0,2874780123423984
-2,8400000000001526;-0,2970413513066865
-2,830000000000153;-0,30657498638337755
-2,820000000000153;-0,3160779642169085
-2,8100000000001533;-0,3255493345174154
-2,8000000000001535;-0,33498815015576006
-2,7900000000001537;-0,3443934672582457
-2,780000000000154;-0,3537643453009988
-2,770000000000154;-0,3630998472040246
-2,7600000000001543;-0,3723990394249121
-2,7500000000001545;-0,3816609920521888
-2,7400000000001548;-0,3908847788983097
-2,730000000000155;-0,4000694775922771
-2,720000000000155;-0,4092141696718759
-2,7100000000001554;-0,41831794067551786
-2,7000000000001556;-0,4273798802336892
-2,690000000000156;-0,4363990821599863
-2,680000000000156;-0,4453746445417318
-2,6700000000001562;-0,45430566983016674
-2,6600000000001565;-0,46319126493020657
-2,6500000000001567;-0,4720305412897445
-2,640000000000157;-0,48082261498851103
-2,630000000000157;-0,4895666068264625
-2,6200000000001573;-0,4982616424117024
-2,6100000000001575;-0,5069068522479179
-2,6000000000001577;-0,5155013718213292
-2,590000000000158;-0,5240443416871414
-2,580000000000158;-0,5325349075554876
-2,5700000000001584;-0,540972220376855
-2,5600000000001586;-0,5493554364269944
-2,550000000000159;-0,5576837173912853
-2,540000000000159;-0,5659562304485716
-2,5300000000001592;-0,5741721483544421
-2,5200000000001594;-0,5823306495239522
-2,5100000000001597;-0,5904309181137842
-2,50000000000016;-0,5984721441038281
-2,49000000000016;-0,6064535233781876
-2,4800000000001603;-0,6143742578055849
-2,4700000000001605;-0,622233555319179
-2,4600000000001607;-0,6300306299957669
-2,450000000000161;-0,6377647021343797
-2,440000000000161;-0,6454349983342476
-2,4300000000001614;-0,6530407515721427
-2,4200000000001616;-0,6605812012790793
-2,410000000000162;-0,6680555934163709
-2,400000000000162;-0,6754631805510315
-2,390000000000162;-0,6828032219305213
-2,3800000000001624;-0,6900749835568186
-2,3700000000001626;-0,6972777382598213
-2,360000000000163;-0,7044107657700605
-2,350000000000163;-0,7114733527907298
-2,3400000000001633;-0,7184647930690123
-2,3300000000001635;-0,7253843874667071
-2,3200000000001637;-0,7322314440301397
-2,310000000000164;-0,7390052780593603
-2,300000000000164;-0,7457052121766107
-2,2900000000001643;-0,7523305763940624
-2,2800000000001646;-0,758880708180815
-2,2700000000001648;-0,7653549525291475
-2,260000000000165;-0,7717526620200207
-2,250000000000165;-0,7780731968878174
-2,2400000000001654;-0,7843159250843171
-2,2300000000001656;-0,7904802223419034
-2,220000000000166;-0,7965654722359864
-2,210000000000166;-0,8025710662466481
-2,2000000000001663;-0,8084964038194923
-2,1900000000001665;-0,8143408924256992
-2,1800000000001667;-0,8201039476212788
-2,170000000000167;-0,8257849931055138
-2,160000000000167;-0,8313834607785902
-2,1500000000001673;-0,8368987907984061
-2,1400000000001675;-0,8423304316365554
-2,1300000000001678;-0,8476778401334808
-2,120000000000168;-0,8529404815527888
-2,110000000000168;-0,8581178296347225
-2,1000000000001684;-0,8632093666487891
-2,0900000000001686;-0,868214583445529
-2,080000000000169;-0,8731329795074342
-2,070000000000169;-0,877964062998997
-2,0600000000001693;-0,8827073508158946
-2,0500000000001695;-0,8873623686332971
-2,0400000000001697;-0,891928650953303
-2,03000000000017;-0,8964057411514846
-2,02000000000017;-0,9007931915225533
-2,0100000000001703;-0,9050905633251285
-2,0000000000001705;-0,9092974268256107
-1,9900000000001705;-0,9134133613411558
-1,9800000000001705;-0,917437955281742
-1,9700000000001705;-0,9213708061913289
-1,9600000000001705;-0,9252115207881035
-1,9500000000001705;-0,928959715003806
-1,9400000000001705;-0,9326150140221392
-1,9300000000001705;-0,9361770523162463
-1,9200000000001705;-0,9396454736852665
-1,9100000000001705;-0,9430199312899542
-1,9000000000001704;-0,9463000876873593
-1,8900000000001704;-0,9494856148645769
-1,8800000000001704;-0,9525761942715436
-1,8700000000001704;-0,9555715168528939
-1,8600000000001704;-0,9584712830788658
-1,8500000000001704;-0,9612752029752529
-1,8400000000001704;-0,9639829961524029
-1,8300000000001704;-0,966594391833254
-1,8200000000001704;-0,9691091288804146
-1,8100000000001704;-0,9715269558222749
-1,8000000000001704;-0,9738476308781567
-1,7900000000001703;-0,9760709219824871
-1,7800000000001703;-0,9781966068080092
-1,7700000000001703;-0,9802244727880116
-1,7600000000001703;-0,9821543171375865
-1,7500000000001703;-0,9839859468739066
-1,7400000000001703;-0,9857191788355247
-1,7300000000001703;-0,9873538397006895
-1,7200000000001703;-0,9888897660046762
-1,7100000000001703;-0,9903268041561346
-1,7000000000001703;-0,9916648104524466
-1,6900000000001703;-0,9929036510940983
-1,6800000000001702;-0,9940432021980575
-1,6700000000001702;-0,9950833498101633
-1,6600000000001702;-0,9960239899165214
-1,6500000000001702;-0,9968650284539055
-1,6400000000001702;-0,997606381319162
-1,6300000000001702;-0,9982479743776222
-1,6200000000001702;-0,9987897434705155
-1,6100000000001702;-0,9992316344213839
-1,6000000000001702;-0,9995736030415002
-1,5900000000001702;-0,9998156151342875
-1,5800000000001702;-0,9999576464987384
-1,5700000000001701;-0,9999996829318349
-1,5600000000001701;-0,9999417202299682
-1,5500000000001701;-0,9997837641893604
-1,5400000000001701;-0,9995258306054843
-1,5300000000001701;-0,9991679452714829
-1,52000000000017;-0,9987101439755917
-1,51000000000017;-0,9981524724975585
-1,50000000000017;-0,9974949866040664
-1,49000000000017;-0,9967377520431571
-1,48000000000017;-0,9958808445376555
-1,47000000000017;-0,994924349777598
-1,46000000000017;-0,9938683634116636
-1,45000000000017;-0,9927129910376089
-1,44000000000017;-0,9914583481917085
-1,43000000000017;-0,9901045603372016
-1,42000000000017;-0,9886517628517454
-1,41000000000017;-0,9871001010138775
-1,40000000000017;-0,985449729988489
-1,39000000000017;-0,9837008148113069
-1,38000000000017;-0,9818535303723919
-1,37000000000017;-0,9799080613986482
-1,36000000000017;-0,9778646024353518
-1,35000000000017;-0,9757233578266963
-1,34000000000017;-0,9734845416953584
-1,33000000000017;-0,9711483779210851
-1,32000000000017;-0,9687151001183076
-1,31000000000017;-0,9661849516127778
-1,30000000000017;-0,9635581854172385
-1,29000000000017;-0,9608350642061197
-1,28000000000017;-0,9580158602892735
-1,2700000000001699;-0,9551008555847424
-1,2600000000001699;-0,9520903415905677
-1,2500000000001699;-0,9489846193556398
-1,2400000000001699;-0,9457839994495943
-1,2300000000001698;-0,9424888019317542
-1,2200000000001698;-0,9390993563191261
-1,2100000000001698;-0,9356160015534458
-1,2000000000001698;-0,9320390859672879
-1,1900000000001698;-0,9283689672492297
-1,1800000000001698;-0,9246060124080849
-1,1700000000001698;-0,9207505977362019
-1,1600000000001698;-0,916803108771835
-1,1500000000001698;-0,9127639402605903
-1,1400000000001698;-0,9086334961159541
-1,1300000000001698;-0,9044121893788983
-1,1200000000001697;-0,9001004421765788
-1,1100000000001697;-0,8956986856801231
-1,1000000000001697;-0,8912073600615124
-1,0900000000001697;-0,8866269144495659
-1,0800000000001697;-0,8819578068850275
-1,0700000000001697;-0,8772005042747633
-1,0600000000001697;-0,8723554823450693
-1,0500000000001697;-0,8674232255941012
-1,0400000000001697;-0,8624042272434244
-1,0300000000001697;-0,8572989891886909
-1,0200000000001697;-0,8521080219494517
-1,0100000000001697;-0,8468318446181055
-1,0000000000001696;-0,8414709848079882
-0,9900000000001696;-0,8360259786006136
-0,9800000000001696;-0,8304973704920651
-0,9700000000001696;-0,824885713338546
-0,9600000000001696;-0,8191915683010955
-0,9500000000001696;-0,8134155047894724
-0,9400000000001696;-0,8075581004052144
-0,9300000000001696;-0,8016199408838786
-0,9200000000001696;-0,7956016200364687
-0,9100000000001696;-0,7895037396900545
-0,9000000000001696;-0,7833269096275888
-0,8900000000001695;-0,7770717475269305
-0,8800000000001695;-0,7707388788990772
-0,8700000000001695;-0,7643289370256144
-0,8600000000001695;-0,7578425628953877
-0,8500000000001695;-0,7512804051404045
-0,8400000000001695;-0,7446431199709724
-0,8300000000001695;-0,737931371110077
-0,8200000000001695;-0,7311458297270115
-0,8100000000001695;-0,7242871743702595
-0,8000000000001695;-0,717356090899641
-0,7900000000001695;-0,710353272417727
-0,7800000000001694;-0,7032794192005304
-0,7700000000001694;-0,6961352386274784
-0,7600000000001694;-0,6889214451106741
-0,7500000000001694;-0,6816387600234581
-0,7400000000001694;-0,6742879116282703
-0,7300000000001694;-0,6668696350038241
-0,7200000000001694;-0,6593846719716004
-0,7100000000001694;-0,6518337710216653
-0,7000000000001694;-0,6442176872378206
-0,6900000000001694;-0,6365371822220985
-0,6800000000001694;-0,6287930240186002
-0,6700000000001693;-0,6209859870366924
-0,6600000000001693;-0,6131168519735675
-0,6500000000001693;-0,6051864057361745
-0,6400000000001693;-0,5971954413625279
-0,6300000000001693;-0,5891447579424062
-0,6200000000001693;-0,5810351605374428
-0,6100000000001693;-0,5728674601006201
-0,6000000000001693;-0,5646424733951751
-0,5900000000001693;-0,5563610229129243
-0,5800000000001693;-0,5480239367920152
-0,5700000000001693;-0,5396320487341116
-0,5600000000001693;-0,5311861979210267
-0,5500000000001692;-0,5226872289308034
-0,5400000000001692;-0,5141359916532581
-0,5300000000001692;-0,5055333412049929
-0,5200000000001692;-0,4968801378438835
-0,5100000000001692;-0,48817724688305514
-0,5000000000001692;-0,4794255386043515
-0,4900000000001692;-0,47062588817130735
-0,4800000000001692;-0,46177917554163295
-0,47000000000016917;-0,45288628537921916
-0,46000000000016916;-0,44394810696567133
-0,45000000000016915;-0,4349655341113825
-0,44000000000016914;-0,42593946506615266
-0,43000000000016914;-0,4168708024293645
-0,4200000000001691;-0,4077604530597247
-0,4100000000001691;-0,39860932798457804
-0,4000000000001691;-0,3894183423088062
-0,3900000000001691;-0,38018841512331786
-0,3800000000001691;-0,3709204694131397
-0,3700000000001691;-0,36161543196511964
-0,3600000000001691;-0,3522742332752482
-0,35000000000016906;-0,34289780745561016
-0,34000000000016906;-0,3334870921409737
-0,33000000000016905;-0,32404302839502824
-0,32000000000016904;-0,31456656061627825
-0,31000000000016903;-0,3050586364436045
-0,300000000000169;-0,29552020666150103
-0,290000000000169;-0,2859522251049974
-0,280000000000169;-0,2763556485642762
-0,270000000000169;-0,26673143668899396
-0,260000000000169;-0,2570805518923184
-0,250000000000169;-0,24740395925468664
-0,24000000000016897;-0,23770262642729872
-0,23000000000016896;-0,22797752353535292
-0,22000000000016895;-0,2182296230810342
-0,21000000000016894;-0,2084598998462648
-0,20000000000016893;-0,19866933079522678
-0,19000000000016892;-0,18885889497666644
-0,1800000000001689;-0,17902957342599032
-0,1700000000001689;-0,16918234906716248
-0,1600000000001689;-0,15931820661441268
-0,1500000000001689;-0,14943813247376622
-0,14000000000016888;-0,13954311464440372
-0,13000000000016887;-0,12963414261986234
-0,12000000000016887;-0,11971220728908703
-0,11000000000016888;-0,10977830083734268
-0,10000000000016888;-0,0998334166469962
-0,09000000000016889;-0,08987854919817925
-0,0800000000001689;-0,07991469396934105
-0,0700000000001689;-0,06994284733770126
-0,0600000000001689;-0,05996400647961319
-0,050000000000168895;-0,049979169270847015
-0,040000000000168894;-0,039989334186802915
-0,03000000000016889;-0,029995500202664473
-0,02000000000016889;-0,019998666693501935
-0,01000000000016889;-0,009999833334335547
-1,6888920817414999E-13;-1,6888920817414999E-13
0,009999999999831111;0,009999833333997784
0,01999999999983111;0,019998666693164222
0,029999999999831113;0,029995500202326848
0,039999999999831115;0,03998933418646541
0,04999999999983112;0,04997916927050966
0,05999999999983112;0,05996400647927602
0,06999999999983111;0,06994284733736429
0,07999999999983111;0,07991469396900433
0,0899999999998311;0,08987854919784284
0,0999999999998311;0,09983341664666011
0,1099999999998311;0,10977830083700693
0,11999999999983109;0,11971220728875168
0,12999999999983108;0,12963414261952738
0,1399999999998311;0,13954311464406924
0,1499999999998311;0,1494381324734322
0,1599999999998311;0,15931820661407922
0,16999999999983112;0,16918234906682958
0,17999999999983113;0,17902957342565803
0,18999999999983114;0,18885889497633476
0,19999999999983115;0,1986693307948957
0,20999999999983116;0,20845989984593444
0,21999999999983116;0,21822962308070454
0,22999999999983117;0,227977523535024
0,23999999999983118;0,2377026264269706
0,2499999999998312;0,24740395925435937
0,2599999999998312;0,25708055189199197
0,2699999999998312;0,26673143668866844
0,2799999999998312;0,27635564856395156
0,2899999999998312;0,2859522251046737
0,29999999999983123;0,29552020666117834
0,30999999999983124;0,3050586364432828
0,31999999999983125;0,3145665606159576
0,32999999999983126;0,32404302839470867
0,33999999999983127;0,33348709214065525
0,3499999999998313;0,3428978074552928
0,3599999999998313;0,35227423327493207
0,3699999999998313;0,3616154319648048
0,3799999999998313;0,37092046941282597
0,3899999999998313;0,3801884151230054
0,3999999999998313;0,3894183423084951
0,40999999999983133;0,39860932798426824
0,41999999999983134;0,4077604530594162
0,42999999999983135;0,4168708024290575
0,43999999999983136;0,42593946506584707
0,44999999999983137;0,43496553411107836
0,4599999999998314;0,4439481069653687
0,4699999999998314;0,452886285378918
0,4799999999998314;0,46177917554133335
0,4899999999998314;0,4706258881710093
0,4999999999998314;0,479425538604055
0,5099999999998314;0,4881772468827603
0,5199999999998314;0,49688013784359036
0,5299999999998314;0,5055333412047015
0,5399999999998314;0,5141359916529684
0,5499999999998314;0,5226872289305156
0,5599999999998314;0,5311861979207404
0,5699999999998314;0,5396320487338273
0,5799999999998314;0,5480239367917327
0,5899999999998314;0,5563610229126436
0,5999999999998314;0,5646424733948964
0,6099999999998315;0,5728674601003431
0,6199999999998315;0,5810351605371679
0,6299999999998315;0,5891447579421333
0,6399999999998315;0,5971954413622569
0,6499999999998315;0,6051864057359055
0,6599999999998315;0,6131168519733006
0,6699999999998315;0,6209859870364276
0,6799999999998315;0,6287930240183375
0,6899999999998315;0,6365371822218381
0,6999999999998315;0,6442176872375621
0,7099999999998315;0,6518337710214092
0,7199999999998316;0,6593846719713465
0,7299999999998316;0,6668696350035723
0,7399999999998316;0,6742879116280208
0,7499999999998316;0,6816387600232109
0,7599999999998316;0,6889214451104293
0,7699999999998316;0,6961352386272359
0,7799999999998316;0,7032794192002902
0,7899999999998316;0,7103532724174894
0,7999999999998316;0,7173560908994057
0,8099999999998316;0,7242871743700264
0,8199999999998316;0,7311458297267811
0,8299999999998317;0,7379313711098491
0,8399999999998317;0,744643119970747
0,8499999999998317;0,7512804051401817
0,8599999999998317;0,757842562895167
0,8699999999998317;0,7643289370253966
0,8799999999998317;0,770738878898862
0,8899999999998317;0,7770717475267179
0,8999999999998317;0,7833269096273787
0,9099999999998317;0,7895037396898472
0,9199999999998317;0,795601620036264
0,9299999999998317;0,8016199408836765
0,9399999999998317;0,8075581004050152
0,9499999999998318;0,8134155047892758
0,9599999999998318;0,8191915683009018
0,9699999999998318;0,824885713338355
0,9799999999998318;0,8304973704918768
0,9899999999998318;0,8360259786004283
0,9999999999998318;0,8414709848078056
1,0099999999998317;0,8468318446179256
1,0199999999998317;0,8521080219492748
1,0299999999998317;0,8572989891885169
1,0399999999998317;0,8624042272432532
1,0499999999998317;0,867423225593933
1,0599999999998317;0,872355482344904
1,0699999999998318;0,8772005042746008
1,0799999999998318;0,8819578068848681
1,0899999999998318;0,8866269144494096
1,0999999999998318;0,8912073600613591
1,1099999999998318;0,8956986856799728
1,1199999999998318;0,9001004421764317
1,1299999999998318;0,9044121893787541
1,1399999999998318;0,908633496115813
1,1499999999998318;0,9127639402604523
1,1599999999998318;0,9168031087716999
1,1699999999998318;0,9207505977360699
1,1799999999998319;0,9246060124079561
1,1899999999998319;0,9283689672491041
1,1999999999998319;0,9320390859671653
1,2099999999998319;0,9356160015533267
1,2199999999998319;0,9390993563190098
1,229999999999832;0,9424888019316412
1,239999999999832;0,9457839994494844
1,249999999999832;0,9489846193555332
1,259999999999832;0,9520903415904644
1,269999999999832;0,9551008555846423
1,279999999999832;0,9580158602891768
1,289999999999832;0,9608350642060264
1,299999999999832;0,9635581854171482
1,309999999999832;0,9661849516126906
1,319999999999832;0,9687151001182238
1,329999999999832;0,9711483779210045
1,339999999999832;0,973484541695281
1,349999999999832;0,9757233578266222
1,359999999999832;0,9778646024352811
1,369999999999832;0,9799080613985807
1,379999999999832;0,9818535303723279
1,389999999999832;0,9837008148112463
1,399999999999832;0,9854497299884315
1,409999999999832;0,9871001010138234
1,419999999999832;0,9886517628516945
1,429999999999832;0,9901045603371541
1,439999999999832;0,9914583481916646
1,449999999999832;0,9927129910375683
1,459999999999832;0,9938683634116262
1,469999999999832;0,994924349777564
1,4799999999998321;0,9958808445376249
1,4899999999998321;0,9967377520431299
1,4999999999998321;0,9974949866040427
1,5099999999998321;0,998152472497538
1,5199999999998322;0,9987101439755744
1,5299999999998322;0,999167945271469
1,5399999999998322;0,9995258306054741
1,5499999999998322;0,9997837641893533
1,5599999999998322;0,9999417202299645
1,5699999999998322;0,9999996829318347
1,5799999999998322;0,9999576464987415
1,5899999999998322;0,999815615134294
1,5999999999998322;0,9995736030415099
1,6099999999998322;0,9992316344213971
1,6199999999998322;0,9987897434705322
1,6299999999998322;0,9982479743776426
1,6399999999998323;0,9976063813191853
1,6499999999998323;0,9968650284539322
1,6599999999998323;0,9960239899165517
1,6699999999998323;0,9950833498101967
1,6799999999998323;0,9940432021980944
1,6899999999998323;0,9929036510941388
1,6999999999998323;0,9916648104524902
1,7099999999998323;0,9903268041561817
1,7199999999998323;0,9888897660047264
1,7299999999998323;0,9873538397007431
1,7399999999998323;0,9857191788355817
1,7499999999998324;0,9839859468739667
1,7599999999998324;0,98215431713765
1,7699999999998324;0,9802244727880786
1,7799999999998324;0,9781966068080796
1,7899999999998324;0,9760709219825606
1,7999999999998324;0,9738476308782331
1,8099999999998324;0,971526955822355
1,8199999999998324;0,9691091288804977
1,8299999999998324;0,9665943918333406
1,8399999999998324;0,9639829961524929
1,8499999999998324;0,9612752029753463
1,8599999999998325;0,958471283078962
1,8699999999998325;0,9555715168529934
1,8799999999998325;0,9525761942716464
1,8899999999998325;0,949485614864683
1,8999999999998325;0,9463000876874685
1,9099999999998325;0,9430199312900666
1,9199999999998325;0,9396454736853822
1,9299999999998325;0,9361770523163649
1,9399999999998325;0,9326150140222611
1,9499999999998325;0,9289597150039313
1,9599999999998325;0,9252115207882318
1,9699999999998326;0,9213708061914605
1,9799999999998326;0,9174379552818764
1,9899999999998326;0,9134133613412934
1,9999999999998326;0,9092974268257513
2,0099999999998324;0,9050905633252724
2,019999999999832;0,9007931915227005
2,029999999999832;0,8964057411516344
2,0399999999998317;0,8919286509534553
2,0499999999998315;0,8873623686334531
2,0599999999998313;0,8827073508160533
2,069999999999831;0,8779640629991587
2,079999999999831;0,8731329795075989
2,0899999999998307;0,8682145834456965
2,0999999999998304;0,8632093666489594
2,1099999999998302;0,8581178296348957
2,11999999999983;0,8529404815529648
2,12999999999983;0,8476778401336598
2,1399999999998296;0,8423304316367375
2,1499999999998294;0,8368987907985913
2,159999999999829;0,831383460778778
2,169999999999829;0,8257849931057047
2,1799999999998287;0,8201039476214722
2,1899999999998285;0,8143408924258955
2,1999999999998283;0,8084964038196913
2,209999999999828;0,8025710662468497
2,219999999999828;0,7965654722361906
2,2299999999998277;0,7904802223421105
2,2399999999998275;0,784315925084527
2,2499999999998272;0,7780731968880298
2,259999999999827;0,7717526620202357
2,269999999999827;0,7653549525293653
2,2799999999998266;0,758880708181035
2,2899999999998264;0,7523305763942852
2,299999999999826;0,7457052121768357
2,309999999999826;0,7390052780595885
2,3199999999998258;0,73223144403037
2,3299999999998255;0,7253843874669399
2,3399999999998253;0,7184647930692478
2,349999999999825;0,7114733527909672
2,359999999999825;0,7044107657703002
2,3699999999998247;0,6972777382600639
2,3799999999998245;0,6900749835570636
2,3899999999998243;0,6828032219307683
2,399999999999824;0,6754631805512806
2,409999999999824;0,6680555934166224
2,4199999999998236;0,6605812012793332
2,4299999999998234;0,6530407515723987
2,439999999999823;0,6454349983345058
2,449999999999823;0,6377647021346402
2,4599999999998228;0,6300306299960293
2,4699999999998226;0,6222335553194437
2,4799999999998223;0,6143742578058515
2,489999999999822;0,6064535233784564
2,499999999999822;0,5984721441040989
2,5099999999998217;0,5904309181140565
2,5199999999998215;0,5823306495242269
2,5299999999998213;0,5741721483547189
2,539999999999821;0,5659562304488502
2,549999999999821;0,5576837173915653
2,5599999999998206;0,5493554364272764
2,5699999999998204;0,5409722203771395
2,57999999999982;0,5325349075557735
2,58999999999982;0,5240443416874291
2,59999999999982;0,5155013718216187
2,6099999999998196;0,5069068522482091
2,6199999999998194;0,4982616424119955
2,629999999999819;0,4895666068267569
2,639999999999819;0,4808226149888073
2,6499999999998187;0,47203054129004257
2,6599999999998185;0,4631912649305063
2,6699999999998183;0,45430566983046844
2,679999999999818;0,445374644542034
2,689999999999818;0,43639908216029033
2,6999999999998177;0,427379880233995
2,7099999999998174;0,4183179406758243
2,7199999999998172;0,4092141696721845
2,729999999999817;0,40006947759258704
2,739999999999817;0,39088477889862133
2,7499999999998166;0,3816609920525014
2,7599999999998164;0,37239903942522595
2,769999999999816;0,3630998472043397
2,779999999999816;0,3537643453013148
2,7899999999998157;0,3443934672585632
2,7999999999998155;0,3349881501560786
2,8099999999998153;0,32554933451773477
2,819999999999815;0,316077964217229
2,829999999999815;0,3065749863836991
2,8399999999998147;0,2970413513070098
2,8499999999998145;0,2874780123427225
2,8599999999998142;0,27788592581676547
2,869999999999814;0,2682660509297972
2,879999999999814;0,2586193496612905
2,8899999999998136;0,24894678667333364
2,8999999999998134;0,2392493292141633
2,909999999999813;0,22952794702144647
2,919999999999813;0,2197836122252988
2,9299999999998128;0,21001729925108295
2,9399999999998125;0,2002299847219544
2,9499999999998123;0,1904226473612111
2,959999999999812;0,1805962678944174
2,969999999999812;0,17075182895133043
2,9799999999998117;0,1608903149676417
2,9899999999998115;0,1510127120865306
2,9999999999998113;0,14112000806005429
3,009999999999811;0,13121319215037106
3,019999999999811;0,1212932550308172
3,0299999999998106;0,11136118868683866
3,0399999999998104;0,10141798631679003
3,04999999999981;0,09146464223262617
3,05999999999981;0,08150215176045844
3,0699999999998098;0,07153151114103347
3,0799999999998096;0,06155371743010403
3,0899999999998093;0,05156976839872557
3,099999999999809;0,04158066243348159
3,109999999999809;0,03158739843664437
3,1199999999998087;0,021590975726286717
3,1299999999998085;0,011592393936349015
3,1399999999998083;0,0015926529166786386
3,149999999999808;-0,008407247366956676
3,159999999999808;-0,01840630693286155
3,1699999999998076;-0,028403525883412127
3,1799999999998074;-0,038397904505043004
3,189999999999807;-0,048388443368221574
3,199999999999807;-0,05837414342738676
3,209999999999807;-0,06835400612085557
3,2199999999998066;-0,07832703347067269
3,2299999999998064;-0,08829222818241445
3,239999999999806;-0,09824859374491564
3,249999999999806;-0,10819513452991532
3,2599999999998057;-0,11813085589162438
3,2699999999998055;-0,12805476426618684
3,2799999999998053;-0,13796586727103444
3,289999999999805;-0,14786317380412564
3,299999999999805;-0,1577456941430555
3,3099999999998047;-0,167612440044025
3,3199999999998044;-0,17746242484066727
3,3299999999998042;-0,18729466354271115
3,339999999999804;-0,19710817293447805
3,349999999999804;-0,20690197167320784
3,3599999999998036;-0,21667508038718802
3,3699999999998034;-0,22642652177369185
3,379999999999803;-0,2361553206967063
3,389999999999803;-0,24586050428444614
3,3999999999998027;-0,2555411020266406
3,4099999999998025;-0,2651961458715824
3,4199999999998023;-0,2748246703229342
3,429999999999802;-0,28442571253627275
3,439999999999802;-0,2939983124153789
3,4499999999998017;-0,30354151270823976
3,4599999999998015;-0,31305435910278173
3,4699999999998012;-0,32253590032229135
3,479999999999801;-0,3319851882205461
3,489999999999801;-0,3414012778766342
3,4999999999998006;-0,3507832276894327
3,5099999999998004;-0,3601300994717813
3,5199999999998;-0,3694409585442921
3,5299999999998;-0,3787148738288128
3,5399999999997998;-0,3879509179415454
3,5499999999997995;-0,3971481672857762
3,5599999999997993;-0,4063057021442335
3,569999999999799;-0,41542260677106374
3,579999999999799;-0,4244979694833994
3,5899999999997987;-0,433530882752536
3,5999999999997985;-0,4425204432946724
3,6099999999997983;-0,4514657521612443
3,619999999999798;-0,46036591482881895
3,629999999999798;-0,46922004128854866
3,6399999999997976;-0,47802724613516445
3,6499999999997974;-0,48678664865552157
3,659999999999797;-0,4954973729166689
3,669999999999797;-0,5041585478534367
3,6799999999997968;-0,5127693073555496
3,6899999999997966;-0,5213287903542325
3,6999999999997963;-0,5298361409083207
3,709999999999796;-0,5382905082898461
3,719999999999796;-0,5466910470691165
3,7299999999997957;-0,5550369171992532
3,7399999999997955;-0,5633272841002009
3,7499999999997953;-0,5715613187421761
3,759999999999795;-0,579738197728575
3,769999999999795;-0,5878571033783154
3,7799999999997946;-0,5959172238075992
3,7899999999997944;-0,6039177530110952
3,799999999999794;-0,6118578909425562
3,809999999999794;-0,6197368435948011
3,819999999999794;-0,6275538230791334
3,8299999999997936;-0,6353080477041162
3,8399999999997934;-0,6429987420537495
3,849999999999793;-0,6506251370650094
3,859999999999793;-0,6581864701047487
3,8699999999997927;-0,6656819850459637
3,8799999999997925;-0,6731109323434072
3,8899999999997923;-0,6804725691085418
3,899999999999792;-0,687766159183822
3,909999999999792;-0,6949909732163216
3,9199999999997917;-0,702146288730656
3,9299999999997914;-0,7092313902012383
3,9399999999997912;-0,7162455691238245
3,949999999999791;-0,7231881240863666
3,959999999999791;-0,730058360839155
3,9699999999997906;-0,7368555923642413
3,9799999999997904;-0,7435791389441339
3,98999999999979;-0,750228328229779
3,99999999999979;-0,7568024953077893
4,00999999999979;-0,7633009827669385
4,01999999999979;-0,7697231407638903
4,02999999999979;-0,7760683270881996
4,0399999999997895;-0,7823359072265205
4,049999999999789;-0,7885252544260656
4,059999999999789;-0,7946357497572691
4,069999999999789;-0,8006667821756919
4,079999999999789;-0,8066177485831155
4,0899999999997885;-0,8124880538878596
4,099999999999788;-0,8182771110642895
4,109999999999788;-0,823984341211506
4,119999999999788;-0,829609173611253
4,129999999999788;-0,8351510457849772
4,139999999999787;-0,8406094035500808
4,149999999999787;-0,8459837010753326
4,159999999999787;-0,8512734009354632
4,169999999999787;-0,8564779741648931
4,1799999999997866;-0,8615969003106334
4,189999999999786;-0,8666296674843372
4,199999999999786;-0,8715757724134839
4,209999999999786;-0,8764347204916986
4,219999999999786;-0,8812060258282238
4,2299999999997855;-0,8858892112965023
4,239999999999785;-0,8904838085818909
4,249999999999785;-0,8949893582284886
4,259999999999785;-0,8994054096850831
4,269999999999785;-0,9037315213502135
4,279999999999784;-0,9079672606163137
4,289999999999784;-0,9121122039129912
4,299999999999784;-0,9161659367493692
4,309999999999784;-0,9201280537555377
4,319999999999784;-0,923998158723104
4,329999999999783;-0,927775864644796
4,339999999999783;-0,9314607937531618
4,349999999999783;-0,9350525775583722
4,359999999999783;-0,938550856885033
4,3699999999997825;-0,9419552819081293
4,379999999999782;-0,9452655121879932
4,389999999999782;-0,948481216704356
4,399999999999782;-0,9516020738894492
4,409999999999782;-0,9546277716601493
4,419999999999781;-0,9575580074492074
4,429999999999781;-0,9603924882354815
4,439999999999781;-0,9631309305732582
4,449999999999781;-0,9657730606205827
4,459999999999781;-0,9683186141666518
4,46999999999978;-0,9707673366582339
4,47999999999978;-0,9731189832251232
4,48999999999978;-0,9753733187046171
4,49999999999978;-0,9775301176650508
4,5099999999997795;-0,9795891644283209
4,519999999999779;-0,9815502530914736
4,529999999999779;-0,9834131875472701
4,539999999999779;-0,9851777815038204
4,549999999999779;-0,9868438585032021
4,5599999999997785;-0,9884112519390968
4,569999999999778;-0,9898798050734731
4,579999999999778;-0,9912493710522383
4,589999999999778;-0,9925198129199363
4,599999999999778;-0,9936910036334371
4,609999999999777;-0,9947628260746543
4,619999999999777;-0,9957351730622264
4,629999999999777;-0,9966079473622664
4,639999999999777;-0,9973810616980763
4,6499999999997765;-0,9980544387588669
4,659999999999776;-0,9986280112074873
4,669999999999776;-0,999101721687177
4,679999999999776;-0,9994755228272779
4,689999999999776;-0,9997493772479885
4,6999999999997755;-0,9999232575641014
4,709999999999775;-0,999997146387719
4,719999999999775;-0,9999710363300255
4,729999999999775;-0,9998449300020086
4,739999999999775;-0,9996188400141902
4,749999999999774;-0,9992927889753861
4,759999999999774;-0,998866809490424
4,769999999999774;-0,9983409441569028
4,779999999999774;-0,9977152455609093
4,7899999999997736;-0,9969897762717866
4,799999999999773;-0,9961646088358616
4,809999999999773;-0,9952398257691872
4,819999999999773;-0,9942155195492953
4,829999999999773;-0,9930917926059611
4,8399999999997725;-0,9918687573109425
4,849999999999772;-0,990546535966745
4,859999999999772;-0,9891252607944037
4,869999999999772;-0,9876050739202538
4,879999999999772;-0,9859861273617062
4,889999999999771;-0,9842685830120831
4,899999999999771;-0,9824526126243746
4,909999999999771;-0,9805383977941148
4,919999999999771;-0,9785261299411886
4,929999999999771;-0,9764160102906961
4,93999999999977;-0,9742082498528639
4,94999999999977;-0,9719030694018748
4,95999999999977;-0,9695006994538645
4,96999999999977;-0,9670013802438231
4,9799999999997695;-0,9644053617015915
4,989999999999769;-0,9617129034268601
4,999999999999769;-0,9589242746632025
5,009999999999769;-0,9560397542711839
5,019999999999769;-0,9530596307004406
5,029999999999768;-0,949984201960831
5,039999999999768;-0,9468137755926859
5,049999999999768;-0,9435486686359835
5,059999999999768;-0,9401892075987116
5,069999999999768;-0,936735728424158
5,079999999999767;-0,9331885764573844
5,089999999999767;-0,9295481064106124
5,099999999999767;-0,9258146823278213
5,109999999999767;-0,921988677548304
5,1199999999997665;-0,9180704746693595
5,129999999999766;-0,9140604655080032
5,139999999999766;-0,9099590510618109
5,149999999999766;-0,9057666414687987
5,159999999999766;-0,9014836559664583
5,1699999999997654;-0,8971105228497491
5,179999999999765;-0,8926476794283428
5,189999999999765;-0,8880955719828629
5,199999999999765;-0,8834546557202624
5,209999999999765;-0,8787253947283031
5,219999999999764;-0,8739082619291336
5,229999999999764;-0,8690037390320323
5,239999999999764;-0,8640123164851962
5,249999999999764;-0,8589344934267147
5,2599999999997635;-0,853770777634665
5,269999999999763;-0,8485216854763319
5,279999999999763;-0,8431877418565441
5,289999999999763;-0,83776948016523
5,299999999999763;-0,8322674422240307
5,3099999999997625;-0,8266821782321687
5,319999999999762;-0,8210142467113787
5,329999999999762;-0,8152642144501023
5,339999999999762;-0,8094326564467614
5,349999999999762;-0,8035201558522967
5,359999999999761;-0,797527303911851
5,369999999999761;-0,7914546999056167
5,379999999999761;-0,7853029510889326
5,389999999999761;-0,7790726726315553
5,3999999999997605;-0,772764487556134
5,40999999999976;-0,7663790266759385
5,41999999999976;-0,7599169285317183
5,42999999999976;-0,7533788393279048
5,43999999999976;-0,7467654128679743
5,4499999999997595;-0,7400773104890572
5,459999999999759;-0,7333152009958209
5,469999999999759;-0,7264797605935776
5,479999999999759;-0,7195716728206788
5,489999999999759;-0,7125916284801268
5,499999999999758;-0,7055403255705615
5,509999999999758;-0,698418469216391
5,519999999999758;-0,6912267715972971
5,529999999999758;-0,6839659518770803
5,539999999999758;-0,6766367361316356
5,549999999999757;-0,6692398572764414
5,559999999999757;-0,6617760549932148
5,569999999999757;-0,6542460756559733
5,579999999999757;-0,6466506722563665
5,5899999999997565;-0,6389906043284183
5,599999999999756;-0,6312666378725075
5,609999999999756;-0,6234795452788752
5,619999999999756;-0,6156301052502724
5,629999999999756;-0,6077191027241856
5,639999999999755;-0,5997473287942431
5,649999999999755;-0,5917155806312075
5,659999999999755;-0,5836246614032092
5,669999999999755;-0,5754753801954119
5,679999999999755;-0,5672685519291654
5,689999999999754;-0,5590049972804592
5,699999999999754;-0,5506855425978443
5,709999999999754;-0,5423110198198768
5,719999999999754;-0,5338822663918478
5,7299999999997535;-0,5254001251820914
5,739999999999753;-0,516865444397644
5,749999999999753;-0,5082790774994779
5,759999999999753;-0,4996418831171086
5,769999999999753;-0,49095472496281684
5,7799999999997524;-0,4822184717451486
5,789999999999752;-0,47343399708215944
5,799999999999752;-0,46460217941397797
5,809999999999752;-0,45572390191502526
5,819999999999752;-0,44680005240565046
5,829999999999751;-0,43783152326337693
5,839999999999751;-0,42881921133362116
5,849999999999751;-0,4197640178400774
5,859999999999751;-0,4106668482945562
5,8699999999997505;-0,4015286124064403
5,87999999999975;-0,3923502239916827
5,88999999999975;-0,38313260088148166
5,89999999999975;-0,3738766648304683
5,90999999999975;-0,3645833414245318
5,9199999999997495;-0,3552535599882786
5,929999999999749;-0,34588825349205876
5,939999999999749;-0,3364883584587408
5,949999999999749;-0,32705481486997834
5,959999999999749;-0,3175885660722736
5,969999999999748;-0,3080905586826147
5,979999999999748;-0,29856174249384554
5,989999999999748;-0,28900307037960477
5,999999999999748;-0,27941549819916506
6,0099999999997475;-0,2697999847017611
6,019999999999747;-0,2601574914307063
6,029999999999747;-0,25048898262732183
6,039999999999747;-0,2407954251344076
6,049999999999747;-0,23107778829962394
6,0599999999997465;-0,22133704387861608
6,069999999999746;-0,21157416593763376
6,079999999999746;-0,20179013075638522
6,089999999999746;-0,19198591673020196
6,099999999999746;-0,1821625042723464
6,109999999999745;-0,1723208757158543
6,119999999999745;-0,16246201521541126
6,129999999999745;-0,15258690864880983
6,139999999999745;-0,14269654351851555
6,149999999999745;-0,13279190885277478
6,159999999999744;-0,12287399510680884
6,169999999999744;-0,11294379406372416
6,179999999999744;-0,10300229873534895
6,189999999999744;-0,09305050326293737
6,1999999999997435;-0,08308940281775297
6,209999999999743;-0,07311999350152298
6,219999999999743;-0,06314327224686664
6,229999999999743;-0,05316023671761834
6,239999999999743;-0,04317188520898255
6,249999999999742;-0,03317921654780791
6,259999999999742;-0,023183229992639214
6,269999999999742;-0,013184925133786458
6,279999999999742;-0,003185301793388266
6,289999999999742;0,00681464007451487
6,299999999999741;0,016813900484095413
6,309999999999741;0,026811479517636922
6,319999999999741;0,03680637742557414
6,329999999999741;0,04679759472642527
6,3399999999997405;0,05678413230681676
6,34999999999974;0,06676499152128272
6,35999999999974;0,07673917429225459
6,36999999999974;0,08670568320973059
6,37999999999974;0,09666352163114252
6,389999999999739;0,10661169378096584
6,399999999999739;0,11654920485023987
6,409999999999739;0,12647506109613857
6,419999999999739;0,1363882699413421
6,429999999999739;0,14628784007319645
6,439999999999738;0,15617278154294761
6,449999999999738;0,16604210586469478
6,459999999999738;0,17589482611422735
6,469999999999738;0,18572995702772502
6,4799999999997375;0,19554651510029236
6,489999999999737;0,20534351868429448
6,499999999999737;0,21511998808754165
6,509999999999737;0,22487494567129135
6,519999999999737;0,23460741594781787
6,5299999999997365;0,24431642567828044
6,539999999999736;0,2540010039697748
6,549999999999736;0,2636601823725326
6,559999999999736;0,27329299497675835
6,569999999999736;0,2828984785092246
6,579999999999735;0,2924756724296069
6,589999999999735;0,3020236190264674
6,599999999999735;0,311541363513133
6,609999999999735;0,3210279541230481
6,6199999999997345;0,3304824422050516
6,629999999999734;0,3399038823182521
6,639999999999734;0,34929133232648185
6,649999999999734;0,3586438534925486
6,659999999999734;0,36796051057213797
6,6699999999997335;0,3772403719072945
6,679999999999733;0,3864825095196462
6,689999999999733;0,39568599920308417
6,699999999999733;0,40484992061635355
6,709999999999733;0,41397335737493
6,719999999999732;0,42305539714276025
6,729999999999732;0,4320951317234008
6,739999999999732;0,441091657150956
6,749999999999732;0,4500440737803819
6,759999999999732;0,45895148637743993
6,769999999999731;0,46781300420835203
6,779999999999731;0,47662774112865525
6,789999999999731;0,48539481567205833
6,799999999999731;0,49411335113839744
6,8099999999997305;0,5027824756813328
6,81999999999973;0,511401322395733
6,82999999999973;0,5199690294040502
6,83999999999973;0,5284847399427269
6,84999999999973;0,5369476024477737
6,859999999999729;0,545356770640057
6,869999999999729;0,5537114036097638
6,879999999999729;0,5620106659005134
6,889999999999729;0,5702537275930405
6,899999999999729;0,5784397643879599
6,909999999999728;0,5865679576885058
6,919999999999728;0,5946374946821047
6,929999999999728;0,6026475684217444
6,939999999999728;0,6105973779067861
6,9499999999997275;0,6184861281628169
6,959999999999727;0,6263130303214434
6,969999999999727;0,6340773016989708
6,979999999999727;0,641778165874739
6,989999999999727;0,6494148527686693
6,999999999999726;0,6569865987185787
7,009999999999726;0,6644926465560752
7,019999999999726;0,6719322456826528
7,029999999999726;0,679304652144599
7,039999999999726;0,6866091287074534
7,049999999999725;0,6938449449295759
7,059999999999725;0,7010113772354042
7,069999999999725;0,7081077089876945
7,079999999999725;0,715133230559158
7,0899999999997245;0,7220872394035281
7,099999999999724;0,7289690401256709
7,109999999999724;0,735777944551285
7,119999999999724;0,7425132717956185
7,129999999999724;0,7491743483314757
7,1399999999997235;0,7557605080568799
7,149999999999723;0,7622710923611941
7,159999999999723;0,7687054501915872
7,169999999999723;0,7750629381175216
7,179999999999723;0,7813429203954857
7,189999999999722;0,7875447690325293
7,199999999999722;0,793667863848971
7,209999999999722;0,7997115925404572
7,219999999999722;0,8056753507390485
7,2299999999997215;0,8115585420739706
7,239999999999721;0,8173605782310013
7,249999999999721;0,8230808790113563
7,259999999999721;0,8287188723896761
7,269999999999721;0,8342739945713434
7,2799999999997205;0,8397456900488065
7,28999999999972;0,8451334116570716
7,29999999999972;0,8504366206284193
7,30999999999972;0,8556547866463716
7,31999999999972;0,8607873878987828
7,329999999999719;0,865833911129639
7,339999999999719;0,8707938516909348
7,349999999999719;0,8756667135927532
7,359999999999719;0,8804520095529196
7,3699999999997186;0,8851492610457893
7,379999999999718;0,8897579983502382
7,389999999999718;0,894277760596288
7,399999999999718;0,8987080958115311
7,409999999999718;0,9030485609660887
7,4199999999997175;0,9072987220170784
7,429999999999717;0,911458153951927
7,439999999999717;0,9155264408309988
7,449999999999717;0,9195031758288755
7,459999999999717;0,9233879612754318
7,469999999999716;0,9271804086953037
7,479999999999716;0,9308801388470554
7,489999999999716;0,934486781760601
7,499999999999716;0,9379999767746487
7,509999999999716;0,9414193725727135
7,519999999999715;0,9447446272180652
7,529999999999715;0,9479754081879825
7,539999999999715;0,9511113924070347
7,549999999999715;0,9541522662794462
7,5599999999997145;0,9570977257203281
7,569999999999714;0,9599474761862514
7,579999999999714;0,9627012327044924
7,589999999999714;0,9653587199016714
7,599999999999714;0,9679196720314053
7,609999999999713;0,97038383300054
7,619999999999713;0,9727509563949384
7,629999999999713;0,9750208055043649
7,639999999999713;0,9771931533457613
7,649999999999713;0,9792677826861743
7,659999999999712;0,9812444860642984
7,669999999999712;0,9831230658115807
7,679999999999712;0,9849033340715093
7,689999999999712;0,9865851128187986
7,6999999999997115;0,9881682338769872
7,709999999999711;0,9896525389352011
7,719999999999711;0,9910378795643032
7,729999999999711;0,9923241172312434
7,739999999999711;0,9935111233134246
7,7499999999997105;0,9945987791111427
7,75999999999971;0,9955869758598257
7,76999999999971;0,9964756147405999
7,77999999999971;0,9972646068901818
7,78999999999971;0,9979538734102724
7,799999999999709;0,9985433453746122
7,809999999999709;0,9990329638364635
7,819999999999709;0,999422679834487
7,829999999999709;0,9997124543974153
7,8399999999997085;0,9999022585479808
7,849999999999708;0,9999920733059735
7,859999999999708;0,9999818896898925
7,869999999999708;0,9998717087181456
7,879999999999708;0,9996615414087523
7,8899999999997075;0,9993514087783503
7,899999999999707;0,9989413418398356
7,909999999999707;0,9984313815995258
7,919999999999707;0,9978215790530964
7,929999999999707;0,9971119951802706
7,939999999999706;0,9963027009388186
7,949999999999706;0,9953937772576132
7,959999999999706;0,9943853150281567
7,969999999999706;0,9932774150958685
7,9799999999997056;0,9920701882497076
7,989999999999705;0,9907637552114928
7,999999999999705;0,9893582466234511
8,009999999999705;0,9878538030351464
8,019999999999705;0,9862505748897398
8,029999999999704;0,9845487225087255
8,039999999999704;0,9827484160759696
8,049999999999704;0,9808498356203919
8,059999999999704;0,9788531709988408
8,069999999999704;0,9767586218757609
8,079999999999703;0,974566397704453
8,089999999999703;0,9722767177056342
8,099999999999703;0,9698898108451128
8,109999999999703;0,9674059158118834
8,119999999999703;0,9648252809932102
8,129999999999702;0,9621481644503433
8,139999999999702;0,9593748338929017
8,149999999999702;0,9565055666516368
8,159999999999702;0,9535406496506971
8,169999999999702;0,9504803793793479
8,179999999999701;0,9473250618622535
8,189999999999701;0,9440750126283954
8,1999999999997;0,9407305566798823
8,2099999999997;0,9372920284596827
8,2199999999997;0,9337597718177532
8,2299999999997;0,9301341399766859
8,2399999999997;0,926415495496812
8,2499999999997;0,9226042102394562
8,2599999999997;0,9187006653298494
8,2699999999997;0,9147052511192221
8,2799999999997;0,9106183671458888
8,289999999999699;0,9064404220945901
8,299999999999699;0,9021718337563984
8,309999999999699;0,8978130289868257
8,319999999999698;0,8933644436623731
8,329999999999698;0,8888265226379214
8,339999999999698;0,8841997197020638
8,349999999999698;0,8794844975308846
8,359999999999697;0,874681327643142
8,369999999999697;0,8697906903512712
8,379999999999697;0,8648130747154318
8,389999999999697;0,8597489784925495
8,399999999999697;0,8545989080884262
8,409999999999696;0,8493633785055766
8,419999999999696;0,8440429132927253
8,429999999999696;0,8386380444918989
8,439999999999696;0,833149312585457
8,449999999999696;0,8275772664421683
8,459999999999695;0,8219224632618284
8,469999999999695;0,8161854685201124
8,479999999999695;0,8103668559115671
8,489999999999695;0,8044672072927695
8,499999999999694;0,7984871126236353
8,509999999999694;0,7924271699087116
8,519999999999694;0,7862879851371233
8,529999999999694;0,7800701722222603
8,539999999999694;0,7737743529401694
8,549999999999693;0,7674011568676978
8,559999999999693;0,7609512213189835
8,569999999999693;0,7544251912823157
8,579999999999693;0,7478237193551133
8,589999999999693;0,7411474656791442
8,599999999999692;0,7343970978742882
8,609999999999692;0,7275732909715832
8,619999999999692;0,7206767273462514
8,629999999999692;0,7137080966486361
8,639999999999691;0,7066680957362578
8,649999999999691;0,6995574286029972
8,659999999999691;0,6923768063096694
8,66999999999969;0,6851269469130087
8,67999999999969;0,6778085753926137
8,68999999999969;0,6704224235792354
8,69999999999969;0,6629692300824236
8,70999999999969;0,6554497402149279
8,71999999999969;0,6478647059195424
8,72999999999969;0,6402148856937772
8,73999999999969;0,6325010445127225
8,74999999999969;0,6247239537544189
8,759999999999689;0,6168843911212449
8,769999999999689;0,6089831405631769
8,779999999999688;0,6010209921983283
8,789999999999688;0,5929987422351723
8,799999999999688;0,5849171928919693
8,809999999999688;0,5767771523170185
8,819999999999688;0,5685794345072671
8,829999999999687;0,5603248592279475
8,839999999999687;0,5520142519298333
8,849999999999687;0,5436484436664152
8,859999999999687;0,535228271011634
8,869999999999687;0,5267545759758133
8,879999999999686;0,5182282059213372
8,889999999999686;0,509650013478111
8,899999999999686;0,5010208564581736
8,909999999999686;0,49234159777016834
8,919999999999686;0,4836131053327996
8,929999999999685;0,4748362519877463
8,939999999999685;0,46601191541319503
8,949999999999685;0,4571409780355176
8,959999999999685;0,44822432694077746
8,969999999999684;0,43926285378717034
8,979999999999684;0,43025745471400323
8,989999999999684;0,421209030254037
8,999999999999684;0,41211848524228245
9,009999999999684;0,4029867287249504
9,019999999999683;0,3938146738708785
9,029999999999683;0,3846032378774205
9,039999999999683;0,37535334188063946
9,049999999999683;0,3660659108627756
9,059999999999683;0,35674187355850595
9,069999999999682;0,3473821623644118
9,079999999999682;0,33798771324351784
9,089999999999682;0,32855946563304106
9,099999999999682;0,3190983623496939
9,109999999999681;0,3096053494959974
9,119999999999681;0,30008137636553905
9,129999999999681;0,29052739534716643
9,13999999999968;0,28094436183145266
9,14999999999968;0,2713332341138484
9,15999999999968;0,26169497329900837
9,16999999999968;0,25203054320466495
9,17999999999968;0,24234091026630186
9,18999999999968;0,23262704343862967
9,19999999999968;0,222889914100681
9,20999999999968;0,2131304959567988
9,21999999999968;0,20334976494128768
9,229999999999679;0,19354869911847636
9,239999999999679;0,183728278586876
9,249999999999678;0,17388948538093232
9,259999999999678;0,16403330337112532
9,269999999999678;0,15416071816769333
9,279999999999678;0,1442727170207799
9,289999999999678;0,1343702887224753
9,299999999999677;0,12445442350746797
9,309999999999677;0,1145261129537005
9,319999999999677;0,10458634988399955
9,329999999999677;0,09463612826649054
9,339999999999677;0,08467644311498135
9,349999999999676;0,07470829038965536
9,359999999999676;0,06473266689797355
9,369999999999676;0,054750570193301894
9,379999999999676;0,04476299847696281
9,389999999999675;0,03477095049817044
9,399999999999675;0,024775425453650805
9,409999999999675;0,014777422887090517
9,419999999999675;0,004777942590019211
9,429999999999675;-0,005222015496537165
9,439999999999674;-0,015221451386168277
9,449999999999674;-0,02521936514324348
9,459999999999674;-0,03521475698491928
9,469999999999674;-0,04520662738042512
9,479999999999674;-0,055193977150611105
9,489999999999673;-0,06517580756937957
9,499999999999673;-0,07515112046150639
9,509999999999673;-0,08511891830418213
9,519999999999673;-0,09507820432616612
9,529999999999673;-0,10502798260680848
9,539999999999672;-0,1149672581765033
9,549999999999672;-0,1248950371162362
9,559999999999672;-0,13481032665659531
9,569999999999672;-0,14471213527648547
9,579999999999671;-0,154599472803441
9,589999999999671;-0,16447135051206474
9,599999999999671;-0,17432678122283093
9,60999999999967;-0,18416477940017273
9,61999999999967;-0,19398436125338836
9,62999999999967;-0,20378454483221586
9,63999999999967;-0,21356435012653638
9,64999999999967;-0,22332279916337935
9,65999999999967;-0,2330589161068338
9,66999999999967;-0,242771727352619
9,67999999999967;-0,2524602616278214
9,689999999999669;-0,26212355008745697
9,699999999999669;-0,2717606264107357
9,709999999999669;-0,2813705268976203
9,719999999999668;-0,2909522905664973
9,729999999999668;-0,30050495924801196
9,739999999999668;-0,31002757768500977
9,749999999999668;-0,31951919362173603
9,759999999999668;-0,3289788579058104
9,769999999999667;-0,33840562457851364
9,779999999999667;-0,34779855097030155
9,789999999999667;-0,35715669779739445
9,799999999999667;-0,3664791292515853
9,809999999999667;-0,37576491309840104
9,819999999999666;-0,3850131207675421
9,829999999999666;-0,39422282744489684
9,839999999999666;-0,40339311216836315
9,849999999999666;-0,41252305791722405
9,859999999999665;-0,4216117517030743
9,869999999999665;-0,43065828466591105
9,879999999999665;-0,43966175215848335
9,889999999999665;-0,4486212538426077
9,899999999999665;-0,457535893774822
9,909999999999664;-0,466404780499484
9,919999999999664;-0,47522702713462545
9,929999999999664;-0,4840017514628071
9,939999999999664;-0,49272807601885477
9,949999999999664;-0,5014051281790308
9,959999999999663;-0,5100320402435747
9,969999999999663;-0,5186079495289702
9,979999999999663;-0,5271319984518954
9,989999999999663;-0,5356033346143634
9,999999999999662;-0,5440211108891454
